CC(C)C[C@@H](NC(=O)CNC(=O)[C@@H](NC=O)C(C)C)C(=O)N[C@@H](C)C(=O)N[C@H](C(C)C)C(=O)N[C@@H](C(C)C)C(=O)N[C@H](C(C)C)C(=O)N[C@@H](CC1=CNC2=C1C=CC=C2)C(=O)N[C@H](CC(C)C)C(=O)N[C@@H](CC1=CNC2=C1C=CC=C2)C(=O)N[C@H](CC(C)C)C(=O)N[C@@H](CC1=CNC2=C1C=CC=C2)C(=O)N[C@H](CC(C)C)C(=O)N[C@@H](CC1=CNC2=C1C=CC=C2)C(=O)NCCO,DB00027,Gramicidin D
C1CC(N(C1)C(=O)C2CSSCC(C(=O)NC(C(=O)NC(C(=O)NC(C(=O)NC(C(=O)N2)CC(=O)N)CCC(=O)N)CC3=CC=CC=C3)CC4=CC=C(C=C4)O)N)C(=O)NC(CCCCN)C(=O)NCC(=O)N.C1CC(N(C1)C(=O)C2CSSCC(C(=O)NC(C(=O)NC(C(=O)NC(C(=O)NC(C(=O)N2)CC(=O)N)CCC(=O)N)CC3=CC=CC=C3)CC4=CC=C(C=C4)O)N)C(=O)NC(CCCN=C(N)N)C(=O)NCC(=O)N,DB00067,Vasopressin
CC[C@@H]1NC(=O)[C@H]([C@H](O)[C@H](C)C\C=C\C)N(C)C(=O)[C@H](C(C)C)N(C)C(=O)[C@H](CC(C)C)N(C)C(=O)[C@H](CC(C)C)N(C)C(=O)[C@@H](C)NC(=O)[C@H](C)NC(=O)[C@H](CC(C)C)N(C)C(=O)[C@@H](NC(=O)[C@H](CC(C)C)N(C)C(=O)CN(C)C1=O)C(C)C,DB00091,Cyclosporine
NC1=NC(=O)C2=C(NCC(CNC3=CC=C(C=C3)C(=O)N[C@@H](CCC(O)=O)C(O)=O)N2)N1,DB00115,Cyanocobalamin
N[C@@H](CC1=CN=CN1)C(O)=O,DB00116,Tetrahydrofolic acid
CC(=O)C(O)=O,DB00117,Histidine
N[C@@H](CC1=CC=CC=C1)C(O)=O,DB00119,Pyruvic acid
C[N+](C)(C)CCO,DB00120,L-Phenylalanine
NCCCC[C@H](N)C(O)=O,DB00122,Choline
N[C@@H](CCCNC(N)=N)C(O)=O,DB00123,L-Lysine
[H][C@@]1(OC(=O)C(O)=C1O)[C@@H](O)CO,DB00125,L-Arginine
NCCCNCCCCNCCCN,DB00126,Vitamin C
N[C@@H](CC(O)=O)C(O)=O,DB00127,Spermine
N[C@@H](CCC(N)=O)C(O)=O,DB00128,L-Aspartic Acid
N[C@@H](CO)C(O)=O,DB00130,L-Glutamine
CSCC[C@H](N)C(O)=O,DB00133,Serine
N[C@@H](CC1=CC=C(O)C=C1)C(O)=O,DB00134,Methionine
N[C@@H](CSSC[C@H](N)C(O)=O)C(O)=O,DB00135,L-Tyrosine
OC(=O)CCC(O)=O,DB00138,Cystine
CC1=C(C)C=C2N(C[C@H](O)[C@H](O)[C@H](O)CO)C3=NC(=O)NC(=O)C3=NC2=C1,DB00139,Succinic acid
N[C@@H](CCC(O)=O)C(O)=O,DB00140,Riboflavin
N[C@@H](CCC(=O)N[C@@H](CS)C(=O)NCC(O)=O)C(O)=O,DB00142,Glutamic Acid
NCC(O)=O,DB00143,Glutathione
CN(CC(O)=O)C(N)=N,DB00145,Glycine
CC(C)C[C@H](N)C(O)=O,DB00148,Creatine
N[C@@H](CC1=CNC2=CC=CC=C12)C(O)=O,DB00149,L-Leucine
N[C@@H](CS)C(O)=O,DB00150,L-Tryptophan
CC1=C(CCO)SC=[N+]1CC1=CN=C(C)N=C1N,DB00151,L-Cysteine
C[C@@H](O)[C@H](N)C(O)=O,DB00152,Thiamine
NC1=NC(=O)C2=NC(CNC3=CC=C(C=C3)C(=O)N[C@@H](CCC(O)=O)C(O)=O)=CN=C2N1,DB00156,L-Threonine
C[C@H](N)C(O)=O,DB00158,Folic Acid
CC(C)[C@H](N)C(O)=O,DB00160,L-Alanine
CC[C@H](C)[C@H](N)C(O)=O,DB00161,L-Valine
COC(=O)[C@H](CC1=CC=CC=C1)NC(=O)[C@@H](N)CC(O)=O,DB00167,L-Isoleucine
OC(=O)[C@@H]1CCCN1,DB00168,Aspartame
N[C@@H](CC(N)=O)C(O)=O,DB00172,L-Proline
[H][C@]12[C@H](C[C@H](O)C=C1C=C[C@H](C)[C@@H]2CC[C@@H](O)C[C@@H](O)CC(O)=O)OC(=O)[C@@H](C)CC,DB00174,L-Asparagine
COCCCCC(=NOCCN)C1=CC=C(C=C1)C(F)(F)F,DB00175,Pravastatin
CCCCC(=O)N(CC1=CC=C(C=C1)C1=CC=CC=C1C1=NNN=N1)[C@@H](C(C)C)C(O)=O,DB00176,Fluvoxamine
[H][C@@]12CCC[C@]1([H])N([C@@H](C2)C(O)=O)C(=O)[C@H](C)N[C@@H](CCC1=CC=CC=C1)C(=O)OCC,DB00177,Valsartan
NCC(CC(O)=O)C1=CC=C(Cl)C=C1,DB00178,Ramipril
CC(N)CC1=CC=CC=C1,DB00181,Baclofen
CN1CCC[C@H]1C1=CN=CC=C1,DB00182,Amphetamine
OC(CN1C=NC=N1)(CN1C=NC=N1)C1=C(F)C=C(F)C=C1,DB00184,Nicotine
CC1=C(C)C2=C(CCC(C)(COC3=CC=C(CC4SC(=O)NC4=O)C=C3)O2)C(C)=C1O,DB00196,Fluconazole
CCOC(=O)C1=C[C@@H](OC(CC)CC)[C@H](NC(C)=O)[C@@H](N)C1,DB00197,Troglitazone
CC[C@H]1OC(=O)[C@H](C)[C@@H](O[C@H]2C[C@@](C)(OC)[C@@H](O)[C@H](C)O2)[C@H](C)[C@@H](O[C@@H]2O[C@H](C)C[C@@H]([C@H]2O)N(C)C)[C@](C)(O)C[C@@H](C)C(=O)[C@H](C)[C@@H](O)[C@]1(C)O,DB00198,Oseltamivir
CN1C=NC2=C1C(=O)N(C)C(=O)N2C,DB00199,Erythromycin
CCCC1=NN(C)C2=C1NC(=NC2=O)C1=C(OCC)C=CC(=C1)S(=O)(=O)N1CCN(C)CC1,DB00201,Caffeine
[H][C@]12C[C@@H](OC(=O)C3=CC(OC)=C(OC)C(OC)=C3)[C@H](OC)[C@@H](C(=O)OC)[C@@]1([H])C[C@@]1([H])N(CCC3=C1NC1=C3C=CC(OC)=C1)C2,DB00203,Sildenafil
CC[C@H]1OC(=O)[C@H](C)[C@@H](O[C@H]2C[C@@](C)(OC)[C@@H](O)[C@H](C)O2)[C@H](C)[C@@H](O[C@@H]2O[C@H](C)C[C@@H]([C@H]2O)N(C)C)[C@](C)(O)C[C@@H](C)CN(C)[C@H](C)[C@@H](O)[C@]1(C)O,DB00206,Reserpine
COC1=CC(C(O)CNC(=O)CN)=C(OC)C=C1,DB00207,Azithromycin
COC1=C(OC)C(CS(=O)C2=NC3=C(N2)C=C(OC(F)F)C=C3)=NC=C1,DB00211,Midodrine
CN(C)CCCC1(OCC2=C1C=CC(=C2)C#N)C1=CC=C(F)C=C1,DB00213,Pantoprazole
CN1CCC[C@@H]1CC1=CNC2=C1C=C(CCS(=O)(=O)C1=CC=CC=C1)C=C2,DB00215,Citalopram
[H][C@@]12CCCC[C@]1([H])CN(C[C@@H](O)[C@H](CSC1=CC=CC=C1)NC(=O)C1=C(C)C(O)=CC=C1)[C@@H](C2)C(=O)NC(C)(C)C,DB00216,Eletriptan
CC(C)(C)NC(=O)[C@@H]1CN(CC2=CN=CC=C2)CCN1C[C@@H](O)C[C@@H](CC1=CC=CC=C1)C(=O)N[C@@H]1[C@H](O)CC2=CC=CC=C12,DB00220,Nelfinavir
[H][C@]12[C@H](C[C@@H](C)C=C1C=C[C@H](C)[C@@H]2CC[C@@H]1C[C@@H](O)CC(=O)O1)OC(=O)[C@@H](C)CC,DB00224,Indinavir
[H][C@]12SCC(CSC3=NN=NN3CCN(C)C)=C(N1C(=O)[C@H]2NC(=O)CC1=CSC(N)=N1)C(O)=O,DB00227,Lovastatin
CC(C)C[C@H](CN)CC(O)=O,DB00229,Cefotiam
[H][C@@](OC1=CC=CC=C1OCC)(C1=CC=CC=C1)[C@@]1([H])CNCCO1,DB00230,Pregabalin
NC1=C2N=CN([C@H]3C[C@H](O)[C@@H](CO)O3)C2=NC(Cl)=N1,DB00234,Reboxetine
O=C1NC(=O)C(N1)(C1=CC=CC=C1)C1=CC=CC=C1,DB00242,Cladribine
[H][C@@]12[C@@H](C)C3=C(C(O)=CC=C3)C(=O)C1=C(O)[C@]1(O)C(=O)C(C(N)=O)=C(O)[C@@H](N(C)C)[C@]1([H])[C@H]2O,DB00252,Phenytoin
CCC(=C(CC)C1=CC=C(O)C=C1)C1=CC=C(O)C=C1,DB00254,Doxycycline
ClC1=CC=CC=C1C(N1C=CN=C1)(C1=CC=CC=C1)C1=CC=CC=C1,DB00255,Diethylstilbestrol
N[C@@H]1CONC1=O,DB00257,Clotrimazole
COCCC1=CC=C(OCC(O)CNC(C)C)C=C1,DB00260,Cycloserine
[H][C@]12SCC(CSC3=NN=NN3C)=C(N1C(=O)[C@]2(NC(=O)CSCC#N)OC)C(O)=O,DB00264,Metoprolol
CCCC1=NC(=C(N1CC1=CC=C(C=C1)C1=C(C=CC=C1)C1=NN=NN1)C(O)=O)C(C)(C)O,DB00274,Cefmetazole
COC1=C(NC2=C3C=CC=CC3=NC3=CC=CC=C23)C=CC(NS(C)(=O)=O)=C1,DB00275,Olmesartan
CN1C2=C(NC=N2)C(=O)N(C)C1=O,DB00276,Amsacrine
N[C@@H](CC1=CC(I)=C(OC2=CC(I)=C(O)C=C2)C(I)=C1)C(O)=O,DB00277,Theophylline
CC(C)N(CCC(C(N)=O)(C1=CC=CC=C1)C1=NC=CC=C1)C(C)C,DB00279,Liothyronine
CCN(CC)CC(=O)NC1=C(C)C=CC=C1C,DB00280,Disopyramide
COC1=CC=C(C=C1)C(CN(C)C)C1(O)CCCCC1,DB00281,Lidocaine
OC(=O)CCCC1=CC=C(C=C1)N(CCCl)CCCl,DB00285,Venlafaxine
[H][C@@]12OC3=C(O)C=CC4=C3[C@@]11CCN(C)[C@]([H])(C4)[C@]1([H])C=C[C@@H]2O,DB00286,Conjugated estrogens
[H][C@@](C)(CN1C=NC2=C(N)N=CN=C12)OCP(=O)(OCOC(=O)OC(C)C)OCOC(=O)OC(C)C,DB00291,Chlorambucil
NC[C@H]1CC[C@@H](CC1)C(O)=O,DB00295,Morphine
CO[C@]12[C@H]3N[C@H]3CN1C1=C([C@H]2COC(N)=O)C(=O)C(N)=C(C)C1=O,DB00300,Tenofovir disoproxil
CCOC1=CC2=C(C=C1)N=C(S2)S(N)(=O)=O,DB00302,Tranexamic Acid
CCCC(CCC)C(O)=O,DB00305,Mitomycin
CC(=O)NC1=CC=C(O)C=C1,DB00311,Ethoxzolamide
COC1=C(OCCCN2CCOCC2)C=C2C(NC3=CC(Cl)=C(F)C=C3)=NC=NC2=C1,DB00313,Valproic Acid
[H][C@@]12OC3=C(OC)C=CC4=C3[C@@]11CCN(C)[C@]([H])(C4)[C@]1([H])C=C[C@@H]2O,DB00316,Acetaminophen
[H][C@]12SC(C)(C)[C@@H](N1C(=O)[C@H]2NC(=O)[C@H](NC(=O)N1CCN(CC)C(=O)C1=O)C1=CC=CC=C1)C(O)=O,DB00317,Gefitinib
[H][C@@]12CCCN1C(=O)[C@H](CC1=CC=CC=C1)N1C(=O)[C@](C)(NC(=O)[C@H]3CN(C)[C@]4([H])CC5=CNC6=CC=CC(=C56)[C@@]4([H])C3)O[C@@]21O,DB00318,Codeine
CN(C)CCC=C1C2=CC=CC=C2CCC2=CC=CC=C12,DB00319,Piperacillin
COC1=CC2=C(C=C1)N(C(=O)C1=CC=C(Cl)C=C1)C(C)=C2CC(O)=O,DB00320,Dihydroergotamine
CN(C)C(=N)NC(N)=N,DB00321,Amitriptyline
CCC(=O)C(CC(C)N(C)C)(C1=CC=CC=C1)C1=CC=CC=C1,DB00328,Indomethacin
CN1CCN(CC1)C1=NC2=CC=CC=C2NC2=C1C=C(C)S2,DB00331,Metformin
CC(C)NCC(O)COC1=CC=C(CC(N)=O)C=C1,DB00332,Ipratropium bromide
COC1=CC2=C(C=C1)N=C(N2)S(=O)CC1=NC=C(C)C(OC)=C1C,DB00333,Methadone
CC(C)(C)C1=CC=C(C=C1)C(O)CCCN1CCC(CC1)C(O)(C1=CC=CC=C1)C1=CC=CC=C1,DB00334,Olanzapine
COC1=CC=C(C=C1)[C@@H]1SC2=CC=CC=C2N(CCN(C)C)C(=O)[C@@H]1OC(C)=O,DB00335,Atenolol
CNCCCC1C2=CC=CC=C2C=CC2=CC=CC=C12,DB00338,Omeprazole
NC1=CC=C(C=C1)C(=O)NCC(O)=O,DB00342,Terfenadine
CN1C2=C(C=C(Cl)C=C2)N(C2=CC=CC=C2)C(=O)CC1=O,DB00343,Diltiazem
[H][C@@]12CC[C@](OC(C)=O)(C(C)=O)[C@@]1(C)CC[C@@]1([H])[C@@]2([H])C=C(C)C2=CC(=O)CC[C@]12C,DB00344,Protriptyline
NC1=NC(=S)C2=C(N1)N=CN2,DB00345,Aminohippuric acid
OC(C1CCCCN1)C1=CC(=NC2=C1C=CC=C2C(F)(F)F)C(F)(F)F,DB00349,Clobazam
[H][C@@]12N(C)C3=CC(OC)=C(C=C3[C@@]11CCN3CC=C[C@](CC)([C@@]13[H])[C@@]([H])(OC(C)=O)[C@]2(O)C(=O)OC)[C@]1(C[C@@]2([H])CN(CC(CC)=C2)CC2=C1NC1=CC=CC=C21)C(=O)OC,DB00351,Megestrol acetate
CN1CCN(CC1)C1=NC2=CC(Cl)=CC=C2NC2=CC=CC=C12,DB00352,Tioguanine
CC1CN(CCN1)C1=C(F)C(C)=C2C(=O)C(=CN(C3CC3)C2=C1)C(O)=O,DB00358,Mefloquine
NC[C@H](O)C1=CC(O)=C(O)C=C1,DB00361,Vinorelbine
NC1=NC(=O)N(C[C@@H](CO)OCP(O)(O)=O)C=C1,DB00363,Clozapine
CCCC(C)(COC(N)=O)COC(N)=O,DB00365,Grepafloxacin
[H][C@](O)(CNC(C)(C)C)COC1=NSN=C1N1CCOCC1,DB00368,Norepinephrine
CCOC(=O)C1=C(COCCN)NC(C)=C(C1C1=CC=CC=C1Cl)C(=O)OC,DB00369,Cidofovir
NC1=C2CCCCC2=NC2=CC=CC=C12,DB00371,Meprobamate
[H][C@]12CC[C@]3([H])[C@]([H])(C[C@@H](O)[C@]4(C)[C@H](CC[C@]34O)C3=CC(=O)OC3)[C@@]1(C)CC[C@@H](C2)O[C@H]1C[C@H](O)[C@H](O[C@H]2C[C@H](O)[C@H](O[C@H]3C[C@H](O)[C@H](O)[C@@H](C)O3)[C@@H](C)O2)[C@@H](C)O1,DB00373,Timolol
[H][C@@]12CC[C@H](C(C)=O)[C@@]1(C)CC[C@@]1([H])[C@@]2([H])CCC2=CC(=O)CC[C@]12C,DB00381,Amlodipine
CNC(=O)C1=NC=CC(OC2=CC=C(NC(=O)NC3=CC(=C(Cl)C=C3)C(F)(F)F)C=C2)=C1,DB00382,Tacrine
OC(CN1C=CN=C1)(P(O)(O)=O)P(O)(O)=O,DB00390,Digoxin
COC(=O)C1=C(C)NC(C)=C(C1C1=CC=CC=C1[N+]([O-])=O)C(=O)OCC(C)C,DB00396,Progesterone
CN(C)C1=CC=C(C=C1)C(C1=CC=C(C=C1)N(C)C)=C1C=CC(C=C1)=[N+](C)C,DB00398,Sorafenib
CN(CCOC1=CC=C(CC2SC(=O)NC2=O)C=C1)C1=CC=CC=N1,DB00399,Zoledronic acid
CCCN[C@H]1CCC2=C(C1)SC(N)=N2,DB00401,Nisoldipine
[H][C@]12SC(C)(C)[C@@H](N1C(=O)[C@H]2NC(=O)[C@H](N)C1=CC=CC=C1)C(O)=O,DB00406,Gentian Violet
[H][C@@]12CC[C@@]3(CCC(=O)O3)[C@@]1(C)CC[C@@]1([H])[C@@]2([H])[C@@]([H])(CC2=CC(=O)CC[C@]12C)SC(C)=O,DB00412,Rosiglitazone
CN(N=O)C(=O)N[C@H]1[C@@H](O)O[C@H](CO)[C@@H](O)[C@@H]1O,DB00413,Pramipexole
OC[C@H]1O[C@H](C[C@@H]1O)N1C=C(C(=O)NC1=O)C(F)(F)F,DB00415,Ampicillin
O=C1N=CN=C2NNC=C12,DB00421,Spironolactone
[O-]C(=O)C1=C(CS[C@]2([H])[C@H](NC(=O)C(=N/OC(C)(C)C(O)=O)\C3=CSC(N)=N3)C(=O)N12)C[N+]1=CC=CC=C1,DB00428,Streptozocin
COCC1=C(C2=CC=C(F)C=C2)C(\C=C\[C@@H](O)C[C@@H](O)CC(O)=O)=C(C(C)C)N=C1C(C)C,DB00432,Trifluridine
COC1=CC(CC2=CN=C(N)N=C2N)=CC(OC)=C1OC,DB00437,Allopurinol
NC1=NC(=O)N(C=C1)[C@@H]1O[C@H](CO)[C@@H](O)C1(F)F,DB00438,Ceftazidime
[H][C@@]12C[C@H](C)[C@](O)(C(=O)CO)[C@@]1(C)C[C@H](O)[C@@]1(F)[C@@]2([H])CCC2=CC(=O)C=C[C@]12C,DB00439,Cerivastatin
[H][C@]12COC(=O)[C@]1([H])[C@]([H])(C1=CC(OC)=C(O)C(OC)=C1)C1=CC3=C(OCO3)C=C1[C@@]2([H])O[C@]1([H])O[C@]2([H])CO[C@]([H])(O[C@@]2([H])[C@]([H])(O)[C@@]1([H])O)C1=CC=CS1,DB00440,Trimethoprim
COC1=CC=CC2=C1C(=O)C1=C(O)C3=C(C[C@](O)(C[C@@H]3O[C@H]3C[C@H](N)[C@@H](O)[C@H](C)O3)C(=O)CO)C(O)=C1C2=O,DB00441,Gemcitabine
OC[C@@H](NC(=O)C(Cl)Cl)[C@H](O)C1=CC=C(C=C1)[N+]([O-])=O,DB00443,Betamethasone
N[C@@H](C(=O)N[C@H]1[C@H]2CCC(Cl)=C(N2C1=O)C(O)=O)C1=CC=CC=C1,DB00444,Teniposide
CC1=C(OCC(F)(F)F)C=CN=C1CS(=O)C1=NC2=CC=CC=C2N1,DB00445,Epirubicin
N[C@@H](CC1=CC(I)=C(OC2=CC(I)=C(O)C(I)=C2)C(I)=C1)C(O)=O,DB00446,Chloramphenicol
CCOC(=O)N1CCC(CC1)=C1C2=C(CCC3=C1N=CC=C3)C=C(Cl)C=C2,DB00447,Loracarbef
[H][C@]12SCC(COC(C)=O)=C(N1C(=O)[C@H]2NC(=O)CC1=CC=CS1)C(O)=O,DB00448,Lansoprazole
COC1=C(OC)C=C2C(N)=NC(=NC2=C1)N1CCN(CC1)C(=O)C1=CC=CO1,DB00451,Levothyroxine
CN(C)CCCN1C2=CC=CC=C2CCC2=CC=CC=C12,DB00455,Loratadine
[H][C@]1(C[C@@H]2CC[N@]1C[C@@H]2C=C)[C@H](O)C1=CC=NC2=CC=C(OC)C=C12,DB00456,Cefalotin
CN1C(C(=O)NC2=CC=CC=N2)=C(O)C2=C(C=CS2)S1(=O)=O,DB00457,Prazosin
[H][C@@]12C=C(C)CC[C@@]1([H])C(C)(C)OC1=C2C(O)=CC(CCCCC)=C1,DB00458,Imipramine
OC(=O)CC1(CC1)CS[C@H](CCC1=CC=CC=C1C(O)(C)C)C1=CC=CC(\C=C\C2=NC3=C(C=CC(Cl)=C3)C=C2)=C1,DB00468,Quinine
CNCCC(OC1=CC=C(C=C1)C(F)(F)F)C1=CC=CC=C1,DB00469,Tenoxicam
CN(C)CCCN1C2=CC=CC=C2SC2=C1C=C(Cl)C=C2,DB00470,Dronabinol
NC1=CC=CC2=C1CN(C1CCC(=O)NC1=O)C2=O,DB00471,Montelukast
CC1=CC=C(C=C1)C1=CC(=NN1C1=CC=C(C=C1)S(N)(=O)=O)C(F)(F)F,DB00472,Fluoxetine
[H][C@]12SC(C)(C)[C@@H](N1C(=O)[C@H]2NC(=O)C1=C(C)ON=C1C1=C(Cl)C=CC=C1Cl)C(O)=O,DB00477,Chlorpromazine
O=C1CC2(CCCC2)CC(=O)N1CCCCN1CCN(CC1)C1=NC=CC=N1,DB00480,Lenalidomide
CCC(=O)O[C@@H](O[P@](=O)(CCCCC1=CC=CC=C1)CC(=O)N1C[C@@H](C[C@H]1C(O)=O)C1CCCCC1)C(C)C,DB00482,Celecoxib
[H][C@]12SCC(COC(C)=O)=C(N1C(=O)[C@H]2NC(=O)C(=N/OC)\C1=CSC(N)=N1)C(O)=O,DB00485,Dicloxacillin
CC1=CN([C@H]2C[C@H](N=[N+]=[N-])[C@@H](CO)O2)C(=O)NC1=O,DB00490,Buspirone
CN1C(CC(O)=O)=CC=C1C(=O)C1=CC=C(C)C=C1,DB00492,Fosinopril
C\N=C(\NCCSCC1=C(C)NC=N1)NC#N,DB00493,Cefotaxime
OC1(CCN(CCCC(=O)C2=CC=C(F)C=C2)CC1)C1=CC=C(Cl)C=C1,DB00495,Zidovudine
CC(C)[C@H](NC(=O)N(C)CC1=CSC(=N1)C(C)C)C(=O)N[C@H](C[C@H](O)[C@H](CC1=CC=CC=C1)NC(=O)OCC1=CN=CS1)CC1=CC=CC=C1,DB00500,Tolmetin
CN(C)CCCN1C2=CC=CC=C2SC2=C1C=C(C=C2)C(F)(F)F,DB00501,Cimetidine
N[C@H](CC1=CC(I)=C(OC2=CC(I)=C(O)C(I)=C2)C(I)=C1)C(O)=O,DB00502,Haloperidol
[H][C@]12CC3=C(C=C(OC)C=C3)[C@@]3(CCCC[C@]13[H])CCN2C,DB00503,Ritonavir
CCCSC1=CC2=C(C=C1)N=C(NC(=O)OC)N2,DB00508,Triflupromazine
[H][C@@]12C[C@H](N(C(=O)[C@H](C)N[C@@H](CCC3=CC=CC=C3)C(=O)OCC)[C@@]1([H])CCCC2)C(O)=O,DB00509,Dextrothyroxine
CCC(C)CC(C)CCCCCCCCC(=O)N[C@H]1C[C@@H](O)[C@@H](NCCN)NC(=O)[C@@H]2[C@@H](O)CCN2C(=O)[C@@H](NC(=O)[C@@H](NC(=O)[C@@H]2C[C@@H](O)CN2C(=O)[C@@H](NC1=O)[C@@H](C)O)[C@H](O)[C@@H](O)C1=CC=C(O)C=C1)[C@H](O)CCN,DB00514,Dextromethorphan
C\C(\C=C\C1=C(C)CCCC1(C)C)=C\C=C\C(\C)=C\C(O)=O,DB00515,Cisplatin
OC(=O)P(O)(O)=O,DB00518,Albendazole
COCCOC1=C(OCCOC)C=C2C(NC3=CC=CC(=C3)C#C)=NC=NC2=C1,DB00519,Trandolapril
ClCCN(CCCl)P1(=O)NCCCO1,DB00520,Caspofungin
CS(=O)(=O)C1=CC=C(C=C1)C1=C(C(=O)OC1)C1=CC=CC=C1,DB00523,Alitretinoin
[H][C@]12SCC(C=C)=C(N1C(=O)[C@H]2NC(=O)C(=N/O)\C1=CSC(N)=N1)C(O)=O,DB00526,Oxaliplatin
NC(N)=N,DB00529,Foscarnet
OC(=O)C1=CN(C2CC2)C2=CC(N3CCNCC3)=C(F)C=C2C1=O,DB00530,Erlotinib
CN(C)CCOC1=CC=C(C=C1)C(=C(\CCCl)C1=CC=CC=C1)\C1=CC=CC=C1,DB00531,Cyclophosphamide
[H][C@@]12N3CC[C@@]11C4=CC(=C(OC)C=C4N(C=O)[C@@]1([H])[C@](O)([C@H](OC(C)=O)[C@]2(CC)C=CC3)C(=O)OC)[C@]1(C[C@]2([H])CN(C[C@](O)(CC)C2)CCC2=C1NC1=CC=CC=C21)C(=O)OC,DB00533,Rofecoxib
CCOC(=O)[C@H](CCC1=CC=CC=C1)N[C@H]1CCC2=CC=CC=C2N(CC(O)=O)C1=O,DB00535,Cefdinir
FC1=CNC(=O)NC1=O,DB00536,Guanidine
COC1=C(CC2=CN(C)C3=C2C=C(NC(=O)OC2CCCC2)C=C3)C=CC(=C1)C(=O)NS(=O)(=O)C1=CC=CC=C1C,DB00537,Ciprofloxacin
CN1C(C(=O)NC2=NC=CC=C2)=C(O)C2=C(C=CC=C2)S1(=O)=O,DB00539,Toremifene
NC1=NC(N)=C(N=N1)C1=C(Cl)C(Cl)=CC=C1,DB00541,Vincristine
COC1=CC=CC=C1OC1=C(NS(=O)(=O)C2=CC=C(C=C2)C(C)(C)C)N=C(N=C1OCCO)C1=NC=CC=N1,DB00542,Benazepril
CN(CC1=CN=C2N=C(N)N=C(N)C2=N1)C1=CC=C(C=C1)C(=O)N[C@@H](CCC(O)=O)C(O)=O,DB00544,Fluorouracil
NC(=O)N1C2=CC=CC=C2C=CC2=CC=CC=C12,DB00549,Zafirlukast
[H][C@]12SCC(C)=C(N1C(=O)[C@H]2NC(=O)[C@H](N)C1=CC=CC=C1)C(O)=O,DB00554,Piroxicam
[H][C@@]12N(C)C3=CC(OC)=C(C=C3[C@@]11CCN3CC=C[C@](CC)([C@@]13[H])[C@@]([H])(OC(C)=O)[C@]2(O)C(=O)OC)[C@]1(C[C@@]2([H])CN(C[C@](O)(CC)C2)CCC2=C1NC1=CC=CC=C21)C(=O)OC,DB00555,Lamotrigine
CC(C)NCC(O)COC1=CC=CC2=CC=CC=C12,DB00559,Bosentan
ClC1=CC=CC(Cl)=C1NC1=NCCN1,DB00563,Methotrexate
CC(C)[C@H](N)C(=O)OCCOCN1C=NC2=C1NC(N)=NC2=O,DB00564,Carbamazepine
[H][C@]12SC(C)(C)[C@@H](N1C(=O)[C@H]2NC(=O)C(C(O)=O)C1=CC=CC=C1)C(O)=O,DB00567,Cephalexin
C[N+](C)(C)C[C@H](O)CC([O-])=O,DB00570,Vinblastine
CCOC(=O)[C@H](CCC1=CC=CC=C1)N[C@@H](C)C(=O)N1CCC[C@H]1C(O)=O,DB00571,Propranolol
CNC(NCCSCC1=CSC(CN(C)C)=N1)=C[N+]([O-])=O,DB00575,Clonidine
OC(=O)CC1=CC=CC=C1NC1=C(Cl)C=CC=C1Cl,DB00577,Valaciclovir
COC1=C(OC)C=C2C(N)=NC(=NC2=C1)N1CCN(CC1)C(=O)C1COC2=CC=CC=C2O1,DB00578,Carbenicillin
NC(N)=NC(=O)C1=C(N)N=C(N)C(Cl)=N1,DB00583,L-Carnitine
[H][C@@]12[C@@H](O)[C@@]3([H])C(C(=O)C4=C(O)C=CC=C4[C@@]3(C)O)=C(O)[C@]1(O)C(=O)C(C(N)=O)=C(O)[C@H]2N(C)C,DB00584,Enalapril
CO[C@H]1C[C@@H](O[C@@H](C)[C@@H]1O)O[C@H]1[C@H](C)O[C@H](C[C@@H]1OC)O[C@H]1[C@@H](C)\C=C\C=C2/CO[C@@H]3[C@H](O)C(C)=C[C@@H](C(=O)O[C@H]4C[C@@H](C\C=C1/C)O[C@@]1(CC[C@H](C)[C@@H](C(C)C)O1)C4)[C@]23O.CC[C@@H](C)[C@H]1O[C@@]2(CC[C@@H]1C)O[C@@H]1C\C=C(C)\[C@@H](O[C@@H]3O[C@@H](C)[C@H](O[C@@H]4O[C@@H](C)[C@H](O)[C@@H](OC)C4)[C@@H](OC)C3)[C@@H](C)\C=C\C=C3/CO[C@@H]4[C@H](O)C(C)=C[C@@H](C(=O)O[C@@H](C1)C2)[C@]34O,DB00585,Nizatidine
CC1=C(CC(O)=O)C2=CC(F)=CC=C2\C1=C/C1=CC=C(C=C1)S(C)=O,DB00586,Diclofenac
NS(=O)(=O)C1=C(Cl)C=C2NC(NS(=O)(=O)C2=C1)C1CC2CC1C=C2,DB00590,Doxazosin
[H][C@]12SC(C)(C)[C@@H](N1C(=O)[C@H]2NC(=O)C1=C(OCC)C=CC2=CC=CC=C12)C(O)=O,DB00594,Amiloride
CCN(CC)CCCC(C)NC1=C2C=CC(Cl)=CC2=NC=C1,DB00595,Oxytetracycline
CN1CCN(CC2=CC=C(C=C2)C(=O)NC2=CC(NC3=NC=CC(=N3)C3=CN=CC=C3)=C(C)C=C2)CC1,DB00602,Ivermectin
COC(=O)C1=C(C)NC(C)=C(C1C1=CC(=CC=C1)[N+]([O-])=O)C(=O)OCCN(C)CC1=CC=CC=C1,DB00605,Sulindac
OCCN1CCN(CCCN2C3=CC=CC=C3SC3=C2C=C(C=C3)C(F)(F)F)CC1,DB00606,Cyclothiazide
[H][C@@]12CC[C@H](O)[C@@]1(C)CC[C@@]1([H])[C@@]2([H])CCC2=CC(=O)CC[C@]12C,DB00607,Nafcillin
OC(=O)C1=CN=CC=C1,DB00608,Chloroquine
[H][C@]1(F)[C@H](O)[C@@H](CO)O[C@H]1N1C=NC2=C(N)N=C(Cl)N=C12,DB00619,Imatinib
[H][C@@]12CC[C@](O)(C(=O)CO)[C@@]1(C)CC(=O)[C@@]1([H])[C@@]2([H])CCC2=CC(=O)C=C[C@]12C,DB00622,Nicardipine
COC1=CC=C(CCN2CCC(CC2)NC2=NC3=CC=CC=C3N2CC2=CC=C(F)C=C2)C=C1,DB00623,Fluphenazine
NC1=C2N=CN([C@@H]3O[C@H](CO)[C@@H](O)[C@H]3O)C2=NC=N1,DB00624,Testosterone
[H][C@]12[C@H](C[C@@H](C)C=C1C=C[C@H](C)[C@@H]2CC[C@@H]1C[C@@H](O)CC(=O)O1)OC(=O)C(C)(C)CC,DB00627,Niacin
COC(=O)NC1=NC2=C(N1)C=C(C=C2)C(=O)C1=CC=CC=C1,DB00631,Clofarabine
CC1=CN([C@@H]2O[C@H](CO)C=C2)C(=O)NC1=O,DB00635,Prednisone
CC(C)OC(=O)CCC\C=C/C[C@H]1[C@@H](O)C[C@@H](O)[C@@H]1CC[C@@H](O)CCC1=CC=CC=C1,DB00637,Astemizole
[H][C@@]12CCC(=O)[C@@]1(C)CC[C@]1([H])C3=C(CC[C@@]21[H])C=C(O)C=C3,DB00640,Adenosine
ClC1=CC=CC(=C1)N1CCN(CCCN2N=C3C=CC=CN3C2=O)CC1,DB00641,Simvastatin
CC(=O)NCCCS(O)(=O)=O,DB00643,Mebendazole
COC1=C(OC)C=C(CCN(C)CCCC(C#N)(C(C)C)C2=CC(OC)=C(OC)C=C2)C=C1,DB00649,Stavudine
CNC[C@H](O)C1=CC(O)=C(O)C=C1,DB00654,Latanoprost
CNS(=O)(=O)CC1=CC2=C(NC=C2CCN(C)C)C=C1,DB00655,Estrone
[H][C@]12SCC(C=C)=C(N1C(=O)[C@H]2NC(=O)C(=N/OCC(O)=O)\C1=CSC(N)=N1)C(O)=O,DB00656,Trazodone
CCCNC(=O)NS(=O)(=O)C1=CC=C(Cl)C=C1,DB00659,Acamprosate
CC\C(=C(/C1=CC=CC=C1)C1=CC=C(OCCN(C)C)C=C1)C1=CC=CC=C1,DB00661,Verapamil
CCCCC1=NC(Cl)=C(CO)N1CC1=CC=C(C=C1)C1=CC=CC=C1C1=NNN=N1,DB00668,Epinephrine
CC1=NC=C2CN=C(C3=CC=CC=C3F)C3=C(C=CC(Cl)=C3)N12,DB00669,Sumatriptan
COC1=C(C\C=C(/C)CCC(=O)OCCN2CCOCC2)C(O)=C2C(=O)OCC2=C1C,DB00671,Cefixime
[H][C@]12SCC(COC(C)=O)=C(N1C(=O)[C@H]2NC(=O)[C@H](N)C1=CC=CC=C1)C(O)=O,DB00672,Chlorpropamide
CCN(CC)CCN1C2=C(C=C(Cl)C=C2)C(=NCC1=O)C1=CC=CC=C1F,DB00675,Tamoxifen
CCOC(=O)[C@H](CCC1=CC=CC=C1)N[C@@H](C)C(=O)N1CC2=CC(OC)=C(OC)C=C2C[C@H]1C(O)=O,DB00678,Losartan
OC1=CC2=C(C=C1)C1(OC(=O)C3=CC=CC=C13)C1=C(O2)C=C(O)C=C1,DB00683,Midazolam
COC1=CC=CC2=C1C(=O)C1=C(O)C3=C(C[C@](O)(C[C@@H]3O[C@H]3C[C@H](N)[C@H](O)[C@H](C)O3)C(C)=O)C(O)=C1C2=O,DB00688,Mycophenolate mofetil
NS(=O)(=O)C1=C(Cl)C=C(NCC2=CC=CO2)C(=C1)C(O)=O,DB00689,Cephaloglycin
[H][C@@]12CCCN1C(=O)[C@H](CC1=CC=CC=C1)N1C(=O)[C@](C)(NC(=O)[C@H]3CN(C)[C@]4([H])CC5=CNC6=CC=CC(=C56)C4=C3)O[C@@]21O,DB00690,Flurazepam
[O-][N+](=O)C1=CC=C(O1)\C=N\N1CC(=O)NC1=O,DB00691,Moexipril
CC(C)CN(C[C@@H](O)[C@H](CC1=CC=CC=C1)NC(=O)O[C@H]1CCOC1)S(=O)(=O)C1=CC=C(N)C=C1,DB00693,Fluorescein
CN1N=C(SC1=NC(C)=O)S(N)(=O)=O,DB00694,Daunorubicin
[H][C@@]12OC3=C(O)C=CC4=C3[C@@]11CCN(CC3CC3)[C@]([H])(C4)[C@]1(O)CCC2=O,DB00695,Furosemide
NC1=NC(=O)N(C=C1)[C@@H]1CS[C@H](CO)O1,DB00696,Ergotamine
CC(C(O)=O)C1=CC(F)=C(C=C1)C1=CC=CC=C1,DB00698,Nitrofurantoin
[H][C@]12SC(C)(C)[C@@H](N1C(=O)[C@H]2NC(=O)C1=C(C)ON=C1C1=CC=CC=C1)C(O)=O,DB00701,Amprenavir
FC1=CC=C(C=C1)[C@@H]1CCNC[C@H]1COC1=CC2=C(OCO2)C=C1,DB00703,Methazolamide
[H][C@@]12CC[C@@](O)(C#C)[C@@]1(C)CC[C@]1([H])[C@@]3([H])CCC(=O)C=C3CC[C@@]21[H],DB00704,Naltrexone
CC(C)(C)C(=O)OCOP(=O)(COCCN1C=NC2=C(N)N=CN=C12)OCOC(=O)C(C)(C)C,DB00709,Lamivudine
CC(CN(C)C)CN1C2=CC=CC=C2CCC2=CC=CC=C12,DB00712,Flurbiprofen
[H][C@@]12C[C@@H]([C@H](OC(C)=O)[C@@]1(C)CC[C@@]1([H])[C@@]2([H])CC[C@@]2([H])C[C@H](O)[C@H](C[C@]12C)N1CCOCC1)[N+]1(CC=C)CCCC1,DB00713,Oxacillin
[H][C@](CC1=CC=CC=C1)(N=C(O)[C@@]1([H])CC[C@@]([H])(CC1)C(C)C)C(O)=O,DB00715,Paroxetine
NC1=NC2=C(S1)C=C(OC(F)(F)F)C=C2,DB00717,Norethisterone
[H][C@@]12CC[C@](O)(C(=O)CO)[C@@]1(C)C[C@H](O)[C@@]1([H])[C@@]2([H])CCC2=CC(=O)CC[C@]12C,DB00718,Adefovir Dipivoxil
OC[C@@H](O)[C@@H](O)[C@H](O)[C@H](O)CO,DB00726,Trimipramine
CN1[C@H]2C[C@@H](C[C@@H]1[C@H]1O[C@@H]21)OC(=O)[C@H](CO)C1=CC=CC=C1,DB00728,Rocuronium
CCC1=C2NC3=C(CCOC3(CC)CC(O)=O)C2=CC=C1,DB00731,Nateglinide
NC1=NCC2N1C1=CC=CC=C1CC1=CC=CC=C21,DB00740,Riluzole
CC(C=CC1=C(C)CCCC1(C)C)=CC=CC(C)=CC(O)=O,DB00741,Hydrocortisone
[H][C@@](N1CCC2=C(C1)C=CS2)(C(=O)OC)C1=CC=CC=C1Cl,DB00742,Mannitol
[H][C@@]12C[C@@]3([H])C(=C(O)[C@]1(O)C(=O)C(C(N)=O)=C(O)[C@H]2N(C)C)C(=O)C1=C(O)C=CC=C1[C@@]3(C)O,DB00747,Scopolamine
CCC1=C2CN3C(=CC4=C(COC(=O)[C@]4(O)CC)C3=O)C2=NC2=C1C=C(OC(=O)N1CCC(CC1)N1CCCCC1)C=C2,DB00749,Etodolac
CCCCC[C@H](O)C=C[C@H]1[C@H](O)CC(=O)[C@@H]1CCCCCCC(O)=O,DB00751,Epinastine
[H][C@]12COC(=O)[C@]1([H])[C@H](C1=CC(OC)=C(O)C(OC)=C1)C1=CC3=C(OCO3)C=C1[C@H]2O[C@@H]1O[C@]2([H])CO[C@@H](C)O[C@@]2([H])[C@H](O)[C@H]1O,DB00755,Tretinoin
CCN1C=C(C(O)=O)C(=O)C2=C1N=C(C)C=C2,DB00758,Clopidogrel
[H][C@@]12CC[C@H](O)[C@@]1(C)CC[C@]1([H])C3=C(CC[C@@]21[H])C=C(O)C=C3,DB00759,Tetracycline
NC1=NC(=O)C2=C(N1)N(COCCO)C=N2,DB00761,Potassium Chloride
COC1=CC2=C(C=C1)C=C(C=C2)[C@H](C)C(O)=O,DB00762,Irinotecan
[H][C@]12C[C@H](N(C(=O)[C@H](C)N[C@@H](CCC)C(=O)OCC)[C@@]1([H])CCCC2)C(O)=O,DB00770,Alprostadil
OC(=O)C1=CC(=CC=C1O)\N=N\C1=CC=C(C=C1)S(=O)(=O)NC1=NC=CC=C1,DB00773,Etoposide
CCOC1=NC2=C(N1CC1=CC=C(C=C1)C1=CC=CC=C1C1=NN=NN1)C(=CC=C2)C(=O)OC(C)OC(=O)OC1CCCCC1,DB00779,Nalidixic Acid
CNC(C)C1CCC(N)C(OC2C(N)CC(N)C(OC3OCC(C)(O)C(NC)C3O)C2O)O1,DB00783,Estradiol
CCN1N=NN(CCN2CCC(COC)(CC2)N(C(=O)CC)C2=CC=CC=C2)C1=O,DB00787,Aciclovir
OC(CCN1CCCCC1)(C1CC2CC1C=C2)C1=CC=CC=C1,DB00788,Naproxen
NC(=O)C1=NN(C=N1)[C@@H]1O[C@H](CO)[C@@H](O)[C@H]1O,DB00790,Perindopril
CCCCC1C(=O)N(N(C1=O)C1=CC=CC=C1)C1=CC=CC=C1,DB00795,Sulfasalazine
CCC(=O)N(C1CCN(CCC2=CC=CC=C2)CC1)C1=CC=CC=C1,DB00796,Candesartan cilexetil
CN1C(C(=O)NC2=NC=C(C)S2)=C(O)C2=C(C=CC=C2)S1(=O)=O,DB00798,Gentamicin
CC(=O)NC1=NN=C(S1)S(N)(=O)=O,DB00802,Alfentanil
CC(C(O)=O)C1=CC2=C(C=C1)C1=C(N2)C=CC(Cl)=C1,DB00810,Biperiden
CCN1N=C(C(O)=O)C(=O)C2=CC3=C(OCO3)C=C12,DB00811,Ribavirin
CN1C2=C(C=C(Cl)C=C2)C(=NCC1=O)C1=CC=CC=C1,DB00812,Phenylbutazone
CN1CCN(CCCN2C3=CC=CC=C3SC3=C2C=C(C=C3)C(F)(F)F)CC1,DB00813,Fentanyl
[H][C@]12SCC(Cl)=C(N1C(=O)[C@H]2NC(=O)[C@H](N)C1=CC=CC=C1)C(O)=O,DB00814,Meloxicam
[H][C@@]12CC[C@@](O)(C#CC)[C@@]1(C)C[C@H](C1=CC=C(C=C1)N(C)C)C1=C3CCC(=O)C=C3CC[C@@]21[H],DB00819,Acetazolamide
CN(C)C(=O)C(CCN1CCC(O)(CC1)C1=CC=C(Cl)C=C1)(C1=CC=CC=C1)C1=CC=CC=C1,DB00821,Carprofen
CC(C)N=C1C=C2N(C3=CC=C(Cl)C=C3)C3=C(C=CC=C3)N=C2C=C1NC1=CC=C(Cl)C=C1,DB00827,Cinoxacin
NCC(=O)CCC(O)=O,DB00829,Diazepam
[H][C@](N)(C(O)=O)C(C)(C)S,DB00831,Trifluoperazine
[H][C@@]12CC[C@](O)(C(=O)CO)[C@@]1(C)C[C@H](O)[C@@]1([H])[C@@]2([H])CCC2=CC(=O)C=C[C@]12C,DB00833,Cefaclor
OC(=O)C1=C(O)C=CC(=C1)C1=C(F)C=C(F)C=C1,DB00834,Mifepristone
CN\C(NCCSCC1=CC=C(CN(C)C)O1)=C/[N+]([O-])=O,DB00836,Loperamide
CO[C@@H]1C[C@@H](CC[C@H]1O)\C=C(/C)[C@H]1OC(=O)[C@@H]2CCCCN2C(=O)C(=O)[C@]2(O)O[C@@H]([C@H](C[C@H]2C)OC)[C@H](C[C@@H](C)C\C(C)=C\[C@@H](CC=C)C(=O)C[C@H](O)[C@H]1C)OC,DB00845,Clofazimine
[H]\C(CCN1CCN(CCO)CC1)=C1/C2=CC=CC=C2SC2=C1C=C(C=C2)C(F)(F)F,DB00855,Aminolevulinic acid
CCCCC1=NC=C(\C=C(/CC2=CC=CS2)C(O)=O)N1CC1=CC=C(C=C1)C(O)=O,DB00859,Penicillamine
[H][C@@]1(C[C@@H](C)[C@]2([H])CC(=O)[C@H](C)\C=C(C)\[C@@H](O)[C@@H](OC)C(=O)[C@H](C)C[C@H](C)\C=C\C=C\C=C(C)\[C@H](C[C@]3([H])CC[C@@H](C)[C@@](O)(O3)C(=O)C(=O)N3CCCC[C@@]3([H])C(=O)O2)OC)CC[C@@H](O)[C@@H](C1)OC,DB00860,Prednisolone
NS(=O)(=O)C1=C(Cl)C=C2NC=NS(=O)(=O)C2=C1,DB00861,Diflunisal
CCOC(=O)[C@H](CCC1=CC=CC=C1)N[C@@H](C)C(=O)N1CC2=CC=CC=C2C[C@H]1C(O)=O,DB00863,Ranitidine
CCN(CC)CCOC1=CC=C(C=C1)C(=C(Cl)C1=CC=CC=C1)C1=CC=CC=C1,DB00864,Tacrolimus
CCCCNC1=C(OC2=CC=CC=C2)C(=CC(=C1)C(O)=O)S(N)(=O)=O,DB00875,Flupentixol
OC[C@@H]1CC[C@@H](O1)N1C=NC2=C1NC=NC2=O,DB00876,Eprosartan
CCC(=C)C(=O)C1=C(Cl)C(Cl)=C(OCC(O)=O)C=C1,DB00877,Sirolimus
[H][C@]12CC[C@]([H])([C@H]([C@H](C1)OC(=O)C1=CC=CC=C1)C(=O)OC)N2C,DB00880,Chlorothiazide
[H][C@@]12CCN(C[C@@H]1C=C)[C@]([H])(C2)[C@@H](O)C1=C2C=C(OC)C=CC2=NC=C1,DB00881,Quinapril
CCOC1=C(C=CC(CC(=O)N[C@@H](CC(C)C)C2=CC=CC=C2N2CCCCC2)=C1)C(O)=O,DB00882,Clomifene
NC(=N)NC(=N)NCCC1=CC=CC=C1,DB00887,Bumetanide
NC12CC3CC(CC(C3)C1)C2,DB00900,Didanosine
CCCCC[C@H](O)\C=C\[C@H]1[C@H](O)CC(=O)[C@@H]1C\C=C/CCCC(O)=O,DB00903,Etacrynic acid
CO[C@]12CC[C@@]3(C[C@@H]1[C@](C)(O)C(C)(C)C)[C@H]1CC4=C5C(O[C@@H]2[C@@]35CCN1CC1CC1)=C(O)C=C4,DB00907,Cocaine
CC(COC1=CC=CC=C1)N(CCCl)CC1=CC=CC=C1,DB00908,Quinidine
NC(N)=NC1=NC(CSCCC(N)=NS(N)(=O)=O)=CS1,DB00912,Repaglinide
CNCCCC12CCC(C3=CC=CC=C13)C1=CC=CC=C21,DB00914,Phenformin
OC(=O)C1=CC=CC=C1O,DB00915,Amantadine
CC1=C(Cl)C(NC2=CC=CC=C2C(O)=O)=C(Cl)C=C1,DB00917,Dinoprostone
NC1=NC(=O)N(C=C1)[C@H]1CC[C@@H](CO)O1,DB00921,Buprenorphine
CC(=O)OC1=CC=CC=C1C(O)=O,DB00925,Phenoxybenzamine
CC(C)(C(O)=O)C1=CC=C(C=C1)C(O)CCCN1CCC(CC1)C(O)(C1=CC=CC=C1)C1=CC=CC=C1,DB00927,Famotidine
[H][C@@]12CC[C@@](OC(C)=O)(C#C)[C@@]1(CC)CC[C@]1([H])[C@@]3([H])CC\C(C=C3CC[C@@]21[H])=N/O,DB00934,Maprotiline
[H][C@@]12CC[C@](O)(C(=O)CO)[C@@]1(C)C[C@H](O)[C@@]1([H])[C@@]2([H])C[C@H](C)C2=CC(=O)C=C[C@]12C,DB00936,Salicylic acid
CCCC1=NC2=C(C=C(C=C2C)C2=NC3=CC=CC=C3N2C)N1CC1=CC=C(C=C1)C1=CC=CC=C1C(O)=O,DB00939,Meclofenamic acid
ClC1=CC2=C(C=C1)C(=C1CCNCC1)C1=C(CC2)C=CC=N1,DB00943,Zalcitabine
C[C@](N)(CC1=CC=C(O)C(O)=C1)C(O)=O,DB00945,Acetylsalicylic acid
[H][C@@]12CCCN1C(=O)[C@H](NC(=O)[C@@H](NC(=O)C1=C3N=C4C(OC3=C(C)C=C1)=C(C)C(=O)C(N)=C4C(=O)N[C@H]1[C@@H](C)OC(=O)[C@H](C(C)C)N(C)C(=O)CN(C)C(=O)[C@]3([H])CCCN3C(=O)[C@H](NC1=O)C(C)C)[C@@H](C)OC(=O)[C@H](C(C)C)N(C)C(=O)CN(C)C2=O)C(C)C,DB00950,Fexofenadine
CN1CCCC(CC1)N1N=C(CC2=CC=C(Cl)C=C2)C2=CC=CC=C2C1=O,DB00957,Norgestimate
O[C@@H](CC[C@@H]1[C@H](N(C1=O)C1=CC=C(F)C=C1)C1=CC=C(O)C=C1)C1=CC=C(F)C=C1,DB00958,Carboplatin
OCCN(CCO)C1=NC2=C(N=C(N=C2N2CCCCC2)N(CCO)CCO)C(=N1)N1CCCCC1,DB00959,Methylprednisolone
[H][C@@]12CC[C@@](O)(C#C)[C@@]1(C)CC[C@]1([H])C3=C(CC[C@@]21[H])C=C(O)C=C3,DB00966,Telmisartan
CCN1C=C(C(O)=O)C(=O)C2=CC(F)=C(N3CCNC(C)C3)C(F)=C12,DB00967,Desloratadine
NC1=NC(=O)N(C=C1)[C@@H]1O[C@H](CO)[C@@H](O)[C@@H]1O,DB00968,Methyldopa
NCCC1=CC(O)=C(O)C=C1,DB00970,Dactinomycin
COC1=CC=CC2=C1C(=O)C1=C(O)C3=C(C[C@](O)(C[C@@H]3O[C@H]3C[C@H](N)[C@H](O)[C@H](C)O3)C(=O)CO)C(O)=C1C2=O,DB00972,Azelastine
NS(=O)(=O)C1=C(Cl)C=C2NCNS(=O)(=O)C2=C1,DB00973,Ezetimibe
[H][C@]12SC(C)(C)[C@@H](N1C(=O)[C@H]2NC(=O)C1(N)CCCCC1)C(O)=O,DB00975,Dipyridamole
NC1=NC2=C(N=CN2COC(CO)CO)C(=O)N1,DB00977,Ethinyl Estradiol
CC(C(O)=O)C1=CC(=CC=C1)C(=O)C1=CC=CC=C1,DB00978,Lomefloxacin
CC(C)(C(=O)C1=CN=CC=C1)C1=CN=CC=C1,DB00987,Cytarabine
COC1=C(C=C(Cl)C=C1)C(=O)NCCC1=CC=C(C=C1)S(=O)(=O)NC(=O)NC1CCCCC1,DB00988,Dopamine
[H][C@@]12CC3=C(C(O)=CC=C3N(C)C)C(=O)C1=C(O)[C@]1(O)C(=O)C(C(N)=O)=C(O)[C@@H](N(C)C)[C@]1([H])C2,DB00997,Doxorubicin
CCOC(=O)C1=C(C)NC(C)=C(C1C1=C(Cl)C(Cl)=CC=C1)C(=O)OC,DB00999,Hydrochlorothiazide
CC(=O)N1CCN(CC1)C1=CC=C(OCC2COC(CN3C=CN=C3)(O2)C2=CC=C(Cl)C=C2Cl)C=C1,DB01000,Cyclacillin
CC[C@@]1(O)C(=O)OCC2=C1C=C1N(CC3=CC4=C(C=CC(O)=C4CN(C)C)N=C13)C2=O,DB01004,Ganciclovir
CCCN(CCC)S(=O)(=O)C1=CC=C(C=C1)C(O)=O,DB01009,Ketoprofen
S=C1N=CNC2=C1NC=N2,DB01011,Metyrapone
CCN(CC)CCNC(=O)C1=CC=C(N)C=C1,DB01016,Glyburide
C[C@H](CC1=CC=CC=C1)N(C)CC#C,DB01017,Minocycline
N[C@@H](CC1=CC=C(C=C1)N(CCCl)CCCl)C(O)=O,DB01023,Felodipine
CC12CC3CC(C)(C1)CC(N)(C3)C2,DB01026,Ketoconazole
CO[C@H]1\C=C\O[C@@]2(C)OC3=C(C2=O)C2=C(O)C(\C=N\N4CCN(C)CC4)=C(NC(=O)\C(C)=C/C=C/[C@H](C)[C@H](O)[C@@H](C)[C@@H](O)[C@@H](C)[C@H](OC(C)=O)[C@@H]1C)C(O)=C2C(O)=C3C,DB01030,Topotecan
CC(C)CC1=CC=C(C=C1)C(C)C(O)=O,DB01032,Probenecid
CO[C@@H]1[C@@H](OC(N)=O)[C@@H](O)[C@H](OC2=C(C)C3=C(C=C2)C(O)=C(NC(=O)C2=CC=C(O)C(CC=C(C)C)=C2)C(=O)O3)OC1(C)C,DB01033,Mercaptopurine
[H][C@]12SC(C)(C)[C@@H](N1C(=O)[C@H]2NC(=O)CC1=CC=CC=C1)C(O)=O,DB01035,Procainamide
CCOC(=O)C1=C(C)NC(C)=C(C1C1=CC(=CC=C1)[N+]([O-])=O)C(=O)OC,DB01037,Selegiline
CCN1C=C(C(O)=O)C(=O)C2=CC(F)=C(C=C12)N1CCNCC1,DB01042,Melphalan
[H][C@]12SC(C)(C)[C@@H](N1C(=O)[C@H]2NC(=O)[C@H](N)C1=CC=C(O)C=C1)C(O)=O,DB01043,Memantine
COC1=CC2=C(NC=C2CCNC(C)=O)C=C1,DB01045,Rifampicin
CC(CN1C2=CC=CC=C2SC2=CC=CC=C12)N(C)C,DB01050,Ibuprofen
COC(=O)N[C@H](C(=O)N[C@@H](CC1=CC=CC=C1)[C@@H](O)CN(CC1=CC=C(C=C1)C1=CC=CC=N1)NC(=O)[C@@H](NC(=O)OC)C(C)(C)C)C(C)(C)C,DB01051,Novobiocin
NC1=NC(F)=NC2=C1N=CN2[C@@H]1O[C@H](CO)[C@@H](O)[C@@H]1O,DB01053,Benzylpenicillin
CN(C)CCOC(C1=CC=CC=C1)C1=CC=CC=C1,DB01054,Nitrendipine
CC(C)C1=C(C(=O)NC2=CC=CC=C2)C(=C(N1CC[C@@H](O)C[C@@H](O)CC(O)=O)C1=CC=C(F)C=C1)C1=CC=CC=C1,DB01059,Norfloxacin
CCCCCNC(=N)N\N=C\C1=CNC2=C1C=C(OC)C=C2,DB01060,Amoxicillin
NC(CCC(O)=O)C=C,DB01065,Melatonin
CN[C@H]1[C@H](O)[C@@H](O)[C@H](CO)O[C@H]1O[C@H]1[C@H](O[C@H]2[C@H](O)[C@@H](O)[C@H](NC(N)=N)[C@@H](O)[C@@H]2NC(N)=N)O[C@@H](C)[C@]1(O)C=O,DB01069,Promethazine
CCOC(=O)C1=CC=C(N)C=C1,DB01072,Atazanavir
[H][C@]12C[C@@H](O)[C@H](\C=C\[C@@H](O)C(C)CC#CC)[C@@]1([H])C\C(C2)=C\CCCC(O)=O,DB01073,Fludarabine
[H][C@@]12CC[C@]3(O)C[C@H](C[C@@H](O)[C@]3(CO)[C@@]1([H])[C@H](O)C[C@]1(C)[C@H](CC[C@]21O)C1=CC(=O)OC1)O[C@@H]1O[C@@H](C)[C@H](O)[C@@H](O)[C@H]1O,DB01075,Diphenhydramine
COC1=C(O)C=C(C=C1)[C@@H]1CC(=O)C2=C(O)C=C(O)C=C2O1,DB01076,Atorvastatin
CC(C)N1C(\C=C\[C@H](O)C[C@H](O)CC(O)=O)=C(C2=CC=C(F)C=C2)C2=CC=CC=C12,DB01079,Tegaserod
CC1=C(C=NO1)C(=O)NC1=CC=C(C=C1)C(F)(F)F,DB01080,Vigabatrin
CC(C)C1=NC(=NC(C2=CC=C(F)C=C2)=C1\C=C\[C@@H](O)C[C@@H](O)CC(=O)O)N(C)S(C)(=O)=O,DB01082,Streptomycin
FC1=CC=C(C=C1)C(CCCN1CCC(CC1)N1C(=O)NC2=CC=CC=C12)C1=CC=C(F)C=C1,DB01086,Benzocaine
CCN(CC)CCCC(C)NC1=C2C=C(OC)C=CC2=NC2=C1C=CC(Cl)=C2,DB01088,Iloprost
CN[C@H]1CC[C@@H](C2=CC(Cl)=C(Cl)C=C2)C2=CC=CC=C12,DB01092,Ouabain
ClC1=CC(Cl)=C(COC(CN2C=CN=C2)C2=C(Cl)C=C(Cl)C=C2)C=C1,DB01094,Hesperetin
[H][C@]12SCC(COC(N)=O)=C(N1C(=O)[C@H]2NC(=O)C(=N/OC)\C1=CC=CO1)C(O)=O,DB01095,Fluvastatin
CN(C)CCC(C1=CC=C(Cl)C=C1)C1=CC=CC=N1,DB01097,Leflunomide
COC(=O)C1=C(C)NC(C)=C(C1C1=CC=CC=C1[N+]([O-])=O)C(=O)OC,DB01098,Rosuvastatin
CCCCC1=C(C(=O)C2=CC(I)=C(OCCN(CC)CC)C(I)=C2)C2=CC=CC=C2O1,DB01100,Pimozide
CCCCNC(=O)NS(=O)(=O)C1=CC=C(C)C=C1,DB01103,Quinacrine
COCCCOC1=C(C)C(CS(=O)C2=NC3=CC=CC=C3N2)=NC=C1,DB01104,Sertraline
CCC1=CN=C(CCOC2=CC=C(CC3SC(=O)NC3=O)C=C2)C=C1,DB01110,Miconazole
COC1=CC=CC=C1OCCNCC(O)COC1=CC=CC2=C1C1=CC=CC=C1N2,DB01112,Cefuroxime
C[C@H]1COC2=C3N1C=C(C(O)=O)C(=O)C3=CC(F)=C2N1CCN(C)CC1,DB01114,Chlorphenamine
O=C1C(CCS(=O)C2=CC=CC=C2)C(=O)N(N1C1=CC=CC=C1)C1=CC=CC=C1,DB01115,Nifedipine
[H][C@]12SCC(C)=C(N1C(=O)[C@H]2NC(=O)[C@H](N)C1=CC=C(O)C=C1)C(O)=O,DB01118,Amiodarone
[H]C(CCN(C)C)=C1C2=CC=CC=C2COC2=CC=CC=C12,DB01124,Tolbutamide
[H][C@]12SC(C)(C)[C@@H](N1C(=O)[C@H]2NC(=O)C1=C(C)ON=C1C1=CC=CC=C1Cl)C(O)=O,DB01129,Rabeprazole
CCC1=NN(CCCN2CCN(CC2)C2=CC(Cl)=CC=C2)C(=O)N1CCOC1=CC=CC=C1,DB01132,Pioglitazone
CNCCCN1C2=CC=CC=C2CCC2=CC=CC=C12,DB01136,Carvedilol
OCC(N)(CO)CO.CCCCC[C@H](O)\C=C\[C@H]1[C@H](O)C[C@H](O)[C@@H]1C\C=C/CCCC(O)=O,DB01137,Levofloxacin
COC1=C(OC)C=C2C(N)=NC(=NC2=C1)N1CCN(CC1)C(=O)C1CCCO1,DB01138,Sulfinpyrazone
CC1COC2=C3N1C=C(C(O)=O)C(=O)C3=CC(F)=C2N1CCN(C)CC1,DB01140,Cefadroxil
CCC(C)N1N=CN(C1=O)C1=CC=C(C=C1)N1CCN(CC1)C1=CC=C(OC[C@H]2CO[C@@](CN3C=NC=N3)(O2)C2=C(Cl)C=C(Cl)C=C2)C=C1,DB01142,Doxepin
CCC1(C(=O)NC(=O)NC1=O)C1=CC=CC=C1,DB01147,Cloxacillin
C[C@@H]1O[C@H](C[C@H](N)[C@@H]1O)O[C@H]1C[C@@](O)(CC2=C1C(O)=C1C(=O)C3=CC=CC=C3C(=O)C1=C2O)C(C)=O,DB01149,Nefazodone
CCCNCC(O)COC1=CC=CC=C1C(=O)CCC1=CC=CC=C1,DB01151,Desipramine
OC1=CC=C2C[C@H]3N(CC=C)CC[C@@]45[C@@H](OC1=C24)C(=O)CC[C@@]35O,DB01160,Dinoprost Tromethamine
ClC1=CC2=C(C=C1)N(C1CCN(CCCN3C(=O)NC4=CC=CC=C34)CC1)C(=O)N2,DB01162,Terazosin
CCCC(=O)NC1=CC(C(C)=O)=C(OCC(O)CNC(C)C)C=C1,DB01165,Ofloxacin
[H][C@@]12CC[C@H](O)[C@@]1(C)CC[C@]1([H])C3=CC=C(OC(=O)N(CCCl)CCCl)C=C3CC[C@@]21[H],DB01167,Itraconazole
C[C@H](CS)C(=O)N1CCC[C@H]1C(O)=O,DB01169,Arsenic trioxide
[H][C@@]12CC3=CC=C(OC4=C5C(CC[N+](C)(C)[C@]5([H])CC5=CC(OC6=C(OC)C=C(CCN1C)C2=C6)=C(O)C=C5)=CC(OC)=C4O)C=C3,DB01174,Phenobarbital
[H][C@@]12CCCN1C(=O)[C@H](CC(C)C)N1C(=O)[C@](NC(=O)[C@H]3CN(C)[C@]4([H])CC5=C(Br)NC6=CC=CC(=C56)C4=C3)(O[C@@]21O)C(C)C,DB01177,Idarubicin
CC[C@H](N1CCCC1=O)C(N)=O,DB01182,Propafenone
CC(C)(C)NCC(O)COC1=CC=CC2=C1C[C@H](O)[C@H](O)C2,DB01183,Naloxone
OCCNCCNC1=C2C(=O)C3=C(O)C=CC(O)=C3C(=O)C2=C(NCCNCCO)C=C1,DB01184,Domperidone
C[C@H]1CN(C[C@@H](C)N1)C1=C(F)C(N)=C2C(=O)C(=CN(C3CC3)C2=C1F)C(O)=O,DB01193,Acebutolol
[H][C@@]1(C[C@@](C)(OC)[C@@H](O)[C@H](C)O1)O[C@H]1[C@H](C)[C@@H](O[C@]2([H])O[C@H](C)C[C@@H]([C@H]2O)N(C)C)[C@@](C)(C[C@@H](C)C(=O)[C@H](C)[C@@H](O)[C@](C)(O)[C@@H](CC)OC(=O)[C@@H]1C)OC,DB01196,Estramustine
[H][C@]12SCC(CSC3=NC(=O)C(=O)NN3C)=C(N1C(=O)[C@H]2NC(=O)C(=N/OC)\C1=CSC(N)=N1)C(O)=O,DB01197,Captopril
CNC1(CCCCC1=O)C1=CC=CC=C1Cl,DB01199,Tubocurarine
OCCOCCN1CCN(CC1)C1=NC2=CC=CC=C2SC2=CC=CC=C12,DB01200,Bromocriptine
[H][C@]12[C@H](OC(=O)C3=CC=CC=C3)[C@]3(O)C[C@H](OC(=O)[C@H](O)[C@@H](NC(=O)C4=CC=CC=C4)C4=CC=CC=C4)C(C)=C([C@@H](OC(C)=O)C(=O)[C@]1(C)[C@@H](O)C[C@H]1OC[C@@]21OC(C)=O)C3(C)C,DB01202,Levetiracetam
[H][C@@](O)(CN1C[C@@]2([H])CCCC[C@@]2([H])C[C@@]1([H])C(O)=NC(C)(C)C)[C@]([H])(CC1=CC=CC=C1)N=C(O)[C@]([H])(CC(O)=N)NC(=O)C1=NC2=CC=CC=C2C=C1,DB01203,Nadolol
[H][C@@]12C[C@@H](C)[C@](O)(C(=O)CO)[C@@]1(C)C[C@H](O)[C@@]1(F)[C@@]2([H])CCC2=CC(=O)C=C[C@]12C,DB01204,Mitoxantrone
N[C@@H](CC1=CC(O)=C(O)C=C1)C(O)=O,DB01208,Sparfloxacin
CN(C)CCOC(C1=CC=CC=C1)C1=CC=C(Br)C=C1,DB01211,Clarithromycin
[H]C(CCN(C)C)=C1C2=CC(Cl)=CC=C2SC2=C1C=CC=C2,DB01212,Ceftriaxone
CC1=CC(OCCCC(C)(C)C(O)=O)=C(C)C=C1,DB01221,Ketamine
CN(C)CCCN1C2=CC=CC=C2CCC2=C1C=C(Cl)C=C2,DB01224,Quetiapine
CC(C)COCC(CN(CC1=CC=CC=C1)C1=CC=CC=C1)N1CCCC1,DB01229,Paclitaxel
[H][C@@]12C[C@H](O)[C@@]3(C)C(=O)[C@H](O)C4=C(C)[C@H](C[C@@](O)([C@@H](OC(=O)C5=CC=CC=C5)[C@]3([H])[C@@]1(CO2)OC(C)=O)C4(C)C)OC(=O)[C@H](O)[C@@H](NC(=O)OC(C)(C)C)C1=CC=CC=C1,DB01232,Saquinavir
[H][C@@]12CC3=CNC4=CC=CC(=C34)C1=C[C@H](CN2C)C(=O)N[C@@H](C)CO,DB01234,Dexamethasone
CC1=NC(NC2=NC=C(S2)C(=O)NC2=C(C)C=CC=C2Cl)=CC(=N1)N1CCN(CCO)CC1,DB01235,Levodopa
CS(=O)(=O)CCNCC1=CC=C(O1)C1=CC2=C(C=C1)N=CN=C2NC1=CC(Cl)=C(OCC2=CC(F)=CC=C2)C=C1,DB01237,Bromodiphenhydramine
N[C@@H](CC(=O)N1CCN2C(C1)=NN=C2C(F)(F)F)CC1=CC(F)=C(F)C=C1F,DB01239,Chlorprothixene
[H][C@@](C)(O)[C@]([H])(CC)N1N=CN(C1=O)C1=CC=C(C=C1)N1CCN(CC1)C1=CC=C(OC[C@]2([H])CO[C@](CN3C=NC=N3)(C2)C2=C(F)C=C(F)C=C2)C=C1,DB01241,Gemfibrozil
CCN(CC)CCNC(=O)C1=C(C)NC(\C=C2/C(=O)NC3=C2C=C(F)C=C3)=C1C,DB01242,Clomipramine
C[N+](C)(C)CCO.CN1C2=C([N-]C=N2)C(=O)N(C)C1=O,DB01244,Bepridil
CC1=CC(=C2C3=C1C4=C5C(=C(C=C4C)O)C(=O)C6=C(C=C(C7=C6C5=C3C8=C7C(=CC(=C8C2=O)O)O)O)O)O,DB01248,Docetaxel
[H][C@]12SCC(CSC3=NN=NN3C)=C(N1C(=O)[C@H]2NC(=O)[C@H](O)C1=CC=CC=C1)C(O)=O,DB01253,Ergonovine
[H][C@]12SCC(CSC3=NN=C(C)S3)=C(N1C(=O)[C@H]2NC(=O)CN1C=NN=N1)C(O)=O,DB01254,Dasatinib
[H][C@]12SCC(CSC3=NN=NN3C)=C(N1C(=O)[C@H]2NC(=O)C(NC(=O)N1CCN(CC)C(=O)C1=O)C1=CC=C(O)C=C1)C(O)=O,DB01259,Lapatinib
[H][C@]12SCC=C(N1C(=O)[C@H]2NC(=O)C(=N/OC)\C1=CSC(N)=N1)C(O)=O,DB01261,Sitagliptin
[H][C@]12SCC(C)=C(N1C(=O)[C@H]2NC(=O)[C@H](N)C1=CCC=CC1)C(O)=O,DB01263,Posaconazole
[H][C@@]12C[C@@H]([C@H](OC(C)=O)[C@@]1(C)CC[C@@]1([H])[C@@]2([H])CC[C@@]2([H])C[C@H](OC(C)=O)[C@H](C[C@]12C)[N+]1(C)CCCCC1)[N+]1(C)CCCCC1,DB01268,Sunitinib
[H][C@@]12C[C@@H]([C@H](OC(C)=O)[C@@]1(C)CC[C@@]1([H])[C@@]2([H])CC[C@@]2([H])C[C@H](OC(C)=O)[C@H](C[C@]12C)N1CCCCC1)[N+]1(C)CCCCC1,DB01303,Oxtriphylline
CCOC(=O)[C@H](CCC1=CC=CC=C1)N[C@H]1CCCN2CCC[C@H](N2C1=O)C(O)=O,DB01323,St. John's Wort
CCOC(=O)[C@H](CCC1=CC=CC=C1)N[C@@H](C)C(=O)N1CC2(C[C@H]1C(O)=O)SCCS2,DB01326,Cefamandole
COCC(=O)O[C@]1(CCN(C)CCCC2=NC3=CC=CC=C3N2)CCC2=C(C=CC(F)=C2)[C@@H]1C(C)C,DB01327,Cefazolin
CC(C)(OC1=CC=C(CCNC(=O)C2=CC=C(Cl)C=C2)C=C1)C(O)=O,DB01329,Cefoperazone
COC1=CC2=C(C(OC)=C1OC)C1=CC=C(OC)C(=O)C=C1C(CC2)NC(C)=O,DB01332,Ceftizoxime
[H][C@]12CC[C@]3([H])[C@]([H])(CC[C@]4(C)[C@H](CC[C@]34O)C3=CC(=O)OC3)[C@@]1(C)CC[C@@H](C2)O[C@H]1C[C@H](O)[C@H](O[C@H]2C[C@H](O)[C@H](O[C@H]3C[C@H](O)[C@H](O)[C@@H](C)O3)[C@@H](C)O2)[C@@H](C)O1,DB01333,Cefradine
CN(C)C(=O)OC1=CC(=CC=C1)[N+](C)(C)C,DB01337,Pancuronium
[H][C@]12O[C@@]1([H])[C@]1([H])C[C@@]([H])(C[C@@]2([H])[N+]1(C)C)OC(=O)C(O)(C1=CC=CS1)C1=CC=CS1,DB01339,Vecuronium
O=C(NC1=C2OC(=CC(=O)C2=CC=C1)C1=NNN=N1)C1=CC=C(OCCCCC2=CC=CC=C2)C=C1,DB01340,Cilazapril
CO\N=C(/C(=O)N[C@@H]1C(=O)N2[C@]1([H])SCC(C[N+]1(C)CCCC1)=C2C([O-])=O)C1=CSC(N)=N1,DB01348,Spirapril
[H][C@]12SCC(COC(C)=O)=C(N1C(=O)[C@H]2NC(=O)CC#N)C(O)=O,DB01388,Mibefradil
[H][C@]12SCC=C(N1C(=O)[C@H]2NC(=O)C(=C/CC(O)=O)\C1=CSC(N)=N1)C(O)=O,DB01390,Sodium bicarbonate
[H][C@@]12CC[C@H](OC(=O)CC)[C@@]1(C)CC[C@@]1([H])[C@@]2([H])CCC2=CC(=O)CC[C@]12C,DB01393,Bezafibrate
CN(C)C1=C(C)N(C)N(C1=O)C1=CC=CC=C1,DB01394,Colchicine
CN1N(C(=O)C=C1C)C1=CC=CC=C1,DB01396,Digitoxin
OCCCC([O-])=O,DB01400,Neostigmine
CNC(C)CC1=CC2=C(OCO2)C=C1,DB01409,Tiotropium
CN[C@@H](C)CC1=CC=CC=C1,DB01411,Pranlukast
CC(C)NCC(O)COC1=CC=CC=C1OCC=C,DB01413,Cefepime
[H][C@@]1(CC[C@@]2([H])[C@]3([H])[C@@H](O)C[C@]4([H])C[C@H](O)CC[C@]4(C)[C@@]3([H])CC[C@]12C)[C@H](C)CCC(O)=O,DB01414,Cefacetrile
CN1C2=C(C=C(Cl)C=C2)C2(OC(C)=CC(=O)N2CC1=O)C1=CC=CC=C1,DB01415,Ceftibuten
[O-][N+](=O)C1=CC2=C(NC(=O)CN=C2C2=CC=CC=C2)C=C1,DB01420,Testosterone propionate
N[C@@H](CSCCCC\C=C(/NC(=O)[C@H]1CC1(C)C)C(=O)O)C(=O)O,DB01424,Aminophenazone
CC(C)[C@H](N1CCCNC1=O)C(=O)N[C@H](C[C@H](O)[C@H](CC1=CC=CC=C1)NC(=O)COC1=C(C)C=CC=C1C)CC1=CC=CC=C1,DB01435,Antipyrine
CC(C)[C@H](N)C(=O)OCC(CO)OCN1C=NC2=C1NC(N)=NC2=O,DB01440,Gamma Hydroxybutyric Acid
CN(C)CCCN1C2=CC=CC=C2SC2=C1C=C(C=C2)C(C)=O,DB01454,Midomafetamine
CN(C)S(=O)(=O)C1=CC2=C(SC3=CC=CC=C3N2CCCN2CCC(CCO)CC2)C=C1,DB01577,Methamphetamine
CN(C)S(=O)(=O)C1=CC2=C(SC3=CC=CC=C3N2CCCN2CCN(C)CC2)C=C1,DB01580,Oxprenolol
CN(C)S(=O)(=O)C1=CC2=C(SC3=CC=CC=C3\C2=C\CCN2CCN(C)CC2)C=C1,DB01583,Liotrix
OC1=CC=C(C=C1)C1=COC2=C(C(O)=CC(O)=C2)C1=O,DB01586,Ursodeoxycholic acid
OC(=O)\C=C\C1=CC=CC=C1O,DB01587,Ketazolam
N#CC1=NC=CC(=C1)C1=NNC(=N1)C1=CC=NC=C1,DB01595,Nitrazepam
CC(C)C[C@@H](N)C(O)=O,DB01597,Cilastatin
CC(=O)CC(O)=O,DB01601,Lopinavir
C[C@@H](N)C(O)=O,DB01610,Valganciclovir
OC(=O)C(=C)OP(O)(O)=O,DB01614,Acepromazine
CC(C)C(=O)[C@@]12C(O)=C(CC=C(C)C)C(=O)[C@@](CC=C(C)C)(C[C@H](CC=C(C)C)[C@@]1(C)CCC=C(C)C)C2=O,DB01621,Pipotiazine
[H][C@@](O)(CO)[C@@]([H])(O)[C@]([H])(O)[C@@]([H])(O)C=O,DB01622,Thioproperazine
NCCCCN,DB01623,Thiothixene
OC=O,DB01645,Genistein
NCCS(O)(=O)=O,DB01650,trans-2-hydroxycinnamic acid
[H][C@]1(C[C@@]2([H])O[C@](C)(N3C4=CC=CC=C4C4=C5CNC(=O)C5=C5C6=CC=CC=C6N2C5=C34)[C@]1([H])OC)NC,DB01685,Topiroxostat
[H][C@](O)(CCCCC)\C=C\[C@@]1([H])C(=O)C[C@]([H])(O)[C@]1([H])C\C=C/CCCC(O)=O,DB01746,D-Leucine
[H][C@]1(CO)O[C@@]([H])(OC2=CC=C3C(=O)C(=COC3=C2)C2=CC=C(O)C=C2)[C@]([H])(O)[C@@]([H])(O)[C@]1([H])O,DB01762,Acetoacetic Acid
C[C@H](CCC(=O)NCC(O)=O)[C@H]1CC[C@H]2[C@@H]3[C@H](O)C[C@@H]4C[C@H](O)CC[C@]4(C)[C@H]3CC[C@]12C,DB01786,D-Alanine
CCCCCCCCCCCCCCCCOC[C@H](CO[P@@]([O-])(=O)OCC[N+](C)(C)C)OC(C)=O,DB01819,Phosphoenolpyruvate
O[C@H](COP(O)(O)=O)C=O,DB01892,Hyperforin
OC(=O)C1=CC=CC=C1NC1=CC(=CC=C1)C(F)(F)F,DB01914,D-glucose
NC1=NC2=C(N=CN2[C@@H]2O[C@@H]3COP(O)(=O)O[C@H]3[C@H]2O)C(=O)N1,DB01917,Putrescine
OC1=CC(O)=C2C(OC(=C(O)C2=O)C2=CC(O)=C(O)C(O)=C2)=C1,DB01942,Formic Acid
NC1=NC=NC2=C1N=CN2[C@@H]1O[C@@H]2COP(O)(=O)O[C@H]2[C@H]1O,DB01956,Taurine
NCCCC(O)=O,DB02010,Staurosporine
N[C@H](CC1=CC=CC=C1)C(O)=O,DB02056,Prostaglandin D2
[H][C@]1(O)CCC(C)(C)[C@]2([H])[C@]([H])(O)[C@]([H])(OC(C)=O)[C@@]3(C)O[C@](C)(CC(=O)[C@]3(O)[C@@]12C)C=C,DB02115,Daidzin
[H][C@@](C)(CCC(O)=O)[C@@]1([H])CC[C@@]2([H])[C@]3([H])[C@]([H])(O)C[C@]4([H])C[C@]([H])(O)CC[C@]4(C)[C@@]3([H])C[C@]([H])(O)[C@]12C,DB02123,Glycochenodeoxycholic Acid
[H][C@@]1(CC[C@@]2([H])[C@]3([H])[C@H](O)C[C@]4([H])C[C@H](O)CC[C@]4(C)[C@@]3([H])C[C@H](O)[C@]12C)[C@H](C)CCC(=O)NCC([O-])=O,DB02261,Platelet Activating Factor
O[C@@H]1CC[C@@]2(C)[C@@]([H])(CC[C@@]3(C)[C@@]2([H])[C@H](O)C[C@@]2([H])\C([C@@H](OC(=O)C)C[C@]32C)=C(/CCC=C(C)C)C(O)=O)[C@@H]1C,DB02263,Glyceraldehyde-3-Phosphate
OC[C@H]1O[C@H]([C@H](O)[C@@H]1O)N1C=CC(=O)NC1=O,DB02266,Flufenamic Acid
OC(=O)C1=CC=CC=C1C(O)=O,DB02315,Cyclic Guanosine Monophosphate
[H][C@@]1(CC[C@@]2([H])[C@]3([H])CC=C4C[C@@]([H])(O)CC[C@]4(C)[C@@]3([H])CC[C@]12C)C(C)=O,DB02375,Myricetin
OC(=O)[C@H]1CCCN1,DB02527,Cyclic Adenosine Monophosphate
[H][C@@]12CC[C@H](O)[C@@]1(C)CC[C@@]1([H])[C@@]2([H])CC[C@@]2([H])CC(=O)CC[C@]12C,DB02530,gamma-Aminobutyric acid
CC(C)(N)C(O)=O,DB02556,D-Phenylalanine
C[C@@H](O)C(O)=O,DB02587,Colforsin
NCCC(O)=O,DB02659,Cholic Acid
CC(=O)OCC[N+](C)(C)C,DB02691,Glycocholic acid
CC(O)=O,DB02703,Fusidic Acid
[H]\C(CCCCCCCCCCCCC)=C(\[H])[C@@]([H])(O)[C@@]([H])(N)CO,DB02745,Uridine
N[C@H](CC1=CNC2=CC=CC=C12)C(O)=O,DB02746,Phthalic Acid
[H][C@@](N)(CC1=CC=CC=C1)[C@]([H])(O)C(O)=N[C@@]([H])(CC(C)C)C(O)=O,DB02750,S-(Methylmercury)-L-Cysteine
[H][C@]1(CC(=O)C2=C(O1)C=C(O)C=C2O)C1=CC=C(O)C=C1,DB02789,Pregnenolone
CN1CC[C@@H]([C@H](O)C1)C1=C(O)C=C(O)C2=C1OC(=CC2=O)C1=CC=CC=C1Cl,DB02853,D-Proline
OC(=O)CCCC(O)=O,DB02901,Stanolone
NCCCCNCCCN,DB02952,Alpha-Aminoisobutyric Acid
O[C@H](COP(O)(O)=O)[C@H](O)[C@H](O)[C@@H](O)C=O,DB03066,D-Lactic acid
CCCCC1C(=O)N(N(C1=O)C1=CC=C(O)C=C1)C1=CC=CC=C1,DB03107,Beta-Alanine
[H][C@@]12CC[C@H]([C@H](C)CCC(O)=O)[C@@]1(C)[C@@H](O)C[C@@]1([H])[C@@]2([H])CC[C@]2([H])C[C@H](O)CC[C@]12C,DB03128,Acetylcholine
[H][C@]1(C)O[C@]([H])(O)[C@]([H])(O)[C@@]([H])(O)[C@]1([H])O,DB03166,Acetic acid
CCOC1=CC=C(NC(C)=O)C=C1,DB03203,Sphingosine
OC(=O)C1=CC=CC=C1,DB03225,D-Tryptophan
CCCCCCCCCCCCCCCC(O)=O,DB03424,Ubenimex
N[C@H](CC1=CC=C(O)C=C1)C(O)=O,DB03467,Naringenin
OC(=O)C(=O)CC1=CC=CC=C1,DB03496,Alvocidib
OC(=O)C(O)=O,DB03553,Glutaric Acid
NC(N)=O,DB03566,Spermidine
N[C@H](CO)C(O)=O,DB03581,Glucose-6-Phosphate
NC(=O)C(O)=O,DB03585,Oxyphenbutazone
CC(C)C(=O)C(O)=O,DB03619,Deoxycholic Acid
[H][C@@](NC(=O)CC1=CC=CS1)(C=O)[C@]1([H])NC(C(O)=O)=C(C)CS1,DB03773,alpha-D-quinovopyranose
OC1=CC2=C(C(O)=C1)C(=O)C(O)=C(O2)C1=CC=C(O)C(O)=C1,DB03783,Phenacetin
OC(=O)CC(O)(CC(O)=O)C(O)=O,DB03793,Benzoic Acid
OC[C@H]1O[C@H]([C@H](O)[C@@H]1O)N1C=NC2=C1NC=NC2=O,DB03796,Palmitic Acid
OC(=O)C=O,DB03825,Rhodamine 6G
[H][C@@]1(CC[C@@]2([H])[C@]3([H])[C@H](O)C[C@]4([H])C[C@H](O)CC[C@]4(C)[C@@]3([H])C[C@H](O)[C@]12C)[C@H](C)CCC(=O)NCCS(O)(=O)=O,DB03839,D-Tyrosine
CC(O)C(O)=O,DB03884,Phenylpyruvic acid
OC1=CC=C(C=C1)[N+]([O-])=O,DB03902,Oxalic Acid
CC1=CN([C@H]2C[C@H](O)[C@@H](CO)O2)C(=O)NC1=O,DB03904,Urea
CCCCCCCC(O)=O,DB03929,D-Serine
[H][C@@](C)(CCCC(C)C)[C@@]1([H])CC[C@@]2([H])[C@]3([H])CC=C4C[C@@]([H])(O)CC[C@]4(C)[C@@]3([H])CC[C@]12C,DB03940,Oxamic Acid
O[C@H]1[C@H](O)[C@@](O)(COP(O)(O)=O)O[C@@H]1COP(O)(O)=O,DB04074,Alpha-ketoisovalerate
OC(=O)C1=C(NC2=CC=CC(=C2)C(F)(F)F)N=CC=C1,DB04100,"(1,10 Phenanthroline)-(Tri-Carbon Monoxide) Rhenium (I)"
CCCCC\C=C/C\C=C/C\C=C/C\C=C/CCCC(O)=O,DB04133,Degraded Cephaloridine
[H][C@@]12C[C@@H](O)[C@H](O)[C@@]1(C)CC[C@]1([H])C3=C(CC[C@@]21[H])C=C(O)C=C3,DB04216,Quercetin
C[C@]12CC[C@H]3[C@@H](CCC4=C3C=CC(OS(O)(=O)=O)=C4)[C@@H]1CCC2=O,DB04272,Citric Acid
[H][C@@]1(CC[C@@]2([H])[C@]3([H])CCC4=CC(=O)CC[C@]4(C)[C@@]3([H])[C@@]([H])(O)C[C@]12C=O)C(=O)CO,DB04335,Inosine
CC[C@@]1(O)C(=O)OCC2=C1C=C1N(CC3=CC4=CC=CC=C4N=C13)C2=O,DB04343,Glyoxylic acid
CN1C(CNC2=CC=C(C=C2)C(=O)N[C@@H](CCC(O)=O)C(O)=O)CNC2=C1C(=O)N=C(N)N2,DB04348,Taurocholic Acid
CCCC\N=C(/N)N=C(N)N,DB04398,Lactic Acid
CN(C)CC=C(C1=CC=C(Br)C=C1)C1=CN=CC=C1,DB04417,P-Nitrophenol
NC(=N)N1CCC2=CC=CC=C2C1,DB04485,Deoxythymidine
OC[C@H](O)C(=O)N1CCC(=CC1)C1=C(F)C=C(C=C1F)N1C[C@H](COC2=NOC=C2)OC1=O,DB04519,Caprylic acid
CCCCN(CCCC)CCCOC1=CC=C(C=C1)C(=O)C1=C(CCCC)OC2=C1C=C(NS(C)(=O)=O)C=C2,DB04540,Cholesterol
CC1=CN(C=N1)C1=CC(=CC(NC(=O)C2=CC(NC3=NC=CC(=N3)C3=CN=CC=C3)=C(C)C=C2)=C1)C(F)(F)F,DB04551,"beta-D-fructofuranose 1,6-bisphosphate"
COC1=CC=CC2=C1NC1=C(C=CC=C1C(=O)NC1=CC=C(CCN3CCC4=CC(OC)=C(OC)C=C4C3)C=C1)C2=O,DB04552,Niflumic Acid
ONC(=O)\C=C\C1=CC=CC(=C1)S(=O)(=O)NC1=CC=CC=C1,DB04557,Arachidonic Acid
CCC1=C(CC)C=C2CC(CC2=C1)NC[C@H](O)C1=C2C=CC(=O)NC2=C(O)C=C1,DB04573,Estriol
OC1(CN(C1)C(=O)C1=C(NC2=C(F)C=C(I)C=C2)C(F)=C(F)C=C1)[C@@H]1CCCCN1,DB04574,Estrone sulfate
COC1=C(OCC2CCN(C)CC2)C=C2N=CN=C(NC3=C(F)C=C(Br)C=C3)C2=C1,DB04630,Aldosterone
NCCC1=CNC=N1,DB04690,Camptothecin
NNC(N)=N,DB04789,5-methyltetrahydrofolic acid
[H][C@@]12CCC[C@]1([H])[C@H](N(C2)C(=O)[C@@H](NC(=O)[C@@H](NC(=O)C1=NC=CN=C1)C1CCCCC1)C(C)(C)C)C(=O)N[C@@H](CCC)C(=O)C(=O)NC1CC1,DB04830,Buformin
N[C@@H](CN(O)N=O)C(O)=O,DB04832,Zimelidine
[H][C@@]12CCC(=O)[C@@]1(C)CC[C@@]1([H])[C@@]2([H])CC=C2C[C@H](CC[C@]12C)OS(O)(=O)=O,DB04840,Debrisoquin
[H][C@@]12CC=C(C3=CC=CN=C3)[C@@]1(C)CC[C@@]1([H])[C@@]2([H])CC=C2C[C@@H](O)CC[C@]12C,DB04850,Posizolid
CC(=O)N[C@@H](CS)C(O)=O,DB04855,Dronedarone
[H]\C(C)=C1\N=C(O)[C@@]2([H])CSSCCC([H])=C([H])[C@]([H])(CC(O)=N[C@]([H])(C(C)C)C(O)=N2)OC(=O)[C@@]([H])(N=C1O)C(C)C,DB04868,Nilotinib
Cl.Cl.Cl.[H][C@]12C3=CC=CC=C3C(N3CCN(C[C@@H](O)COC4=CC=CC5=C4C=CC=N5)CC3)C3=CC=CC=C3[C@@]1([H])C2(F)F,DB04881,Elacridar
C[C@H](CC1=CC2=C(N(CCCO)CC2)C(=C1)C(N)=O)NCCOC1=CC=CC=C1OCC(F)(F)F,DB05015,Belinostat
CC1=NN(C(=O)\C1=N/NC1=C(O)C(=CC=C1)C1=CC=CC(=C1)C(O)=O)C1=CC=C(C)C(C)=C1,DB05039,Indacaterol
CC1=CC=CC=C1C(=O)NC1=CC(C)=C(C=C1)C(=O)N1CCC[C@@H](O)C2=C1C=CC(Cl)=C2,DB05239,Cobimetinib
ClC1=CC=C(S1)C(=O)NC[C@H]1CN(C(=O)O1)C1=CC=C(C=C1)N1CCOCC1=O,DB05260,Gallium nitrate
N[C@@H]([C@H](O)C1=CC(O)=C(O)C=C1)C(O)=O,DB05294,Vandetanib
[H][C@@]1(C[C@@](N)(CC2=C1C(O)=C1C(=O)C3=CC=CC=C3C(=O)C1=C2O)C(C)=O)O[C@H]1C[C@H](O)[C@H](O)CO1,DB05381,Histamine
OCC(C)(CO)C(=O)O[C@@H]1CC[C@@H](C[C@@H](C)[C@]2([H])CC(=O)[C@H](C)\C=C(C)\[C@@H](O)[C@@H](OC)C(=O)[C@H](C)C[C@H](C)\C=C\C=C\C=C(C)\[C@@H](OC)C[C@]3([H])CC[C@@H](C)[C@@](O)(O3)C(=O)C(=O)N3CCCC[C@H]3C(=O)O2)C[C@H]1OC,DB05383,Pimagedine
[H]\C1=C([H])\[C@]2([H])C[C@]2(N=C(O)[C@]2([H])C[C@]([H])(C[C@@]2([H])C(=O)N(C)CCCC1)OC1=C2C=CC(OC)=C(C)C2=NC(=C1)C1=NC(=CS1)C(C)C)C(O)=NS(=O)(=O)C1CC1,DB05521,Telaprevir
CCOC1=CC=C(CC2=C(Cl)C=CC(=C2)[C@@H]2O[C@H](CO)[C@@H](O)[C@H](O)[C@H]2O)C=C1,DB05540,Alanosine
N[C@H](C(=O)N1[C@H]2C[C@H]2C[C@H]1C#N)C12CC3CC(CC(O)(C3)C1)C2,DB05773,Trastuzumab emtansine
COC([C@H](OC1=NC(C)=CC(C)=N1)C(O)=O)(C1=CC=CC=C1)C1=CC=CC=C1,DB05804,Prasterone sulfate
CC1=CC(=CC(C)=C1OC1=C(Br)C(N)=NC(NC2=CC=C(C=C2)C#N)=N1)C#N,DB05812,Abiraterone
O=C1NOC2=C1CCNC2,DB05889,Inotuzumab ozogamicin
CN(C1=CC2=NN(C)C(C)=C2C=C1)C1=CC=NC(NC2=CC=C(C)C(=C2)S(N)(=O)=O)=N1,DB06151,Acetylcysteine
[H]\C(=C(\[H])C1=CC=C(CNCCC2=C(C)NC3=CC=CC=C23)C=C1)C(O)=NO,DB06176,Romidepsin
COC1=CC=C(C=C1)N1N=C(C(N)=O)C2=C1C(=O)N(CC2)C1=CC=C(C=C1)N1CCCCC1=O,DB06191,Zosuquidar
COC1=CC(NC2=C(C=NC3=CC(OCCCN4CCN(C)CC4)=C(OC)C=C23)C#N)=C(Cl)C=C1Cl,DB06207,Silodosin
[H]\C(=C(\[H])C1=CC=CC=N1)C1=C2C=CC(SC3=CC=CC=C3C(O)=NC)=CC2=NN1,DB06210,Eltrombopag
[H]C(C)(OC(=O)N(C)C1=C(COC(=O)CNC)C=CC=N1)[N+]1=CN(C[C@](O)(C2=C(F)C=CC(F)=C2)[C@@]([H])(C)C2=NC(=CS2)C2=CC=C(C=C2)C#N)N=C1,DB06212,Tolvaptan
C[C@H](NCC1=CC=C(OCC2=CC(F)=CC=C2)C=C1)C(N)=O,DB06228,Rivaroxaban
NC(=O)C1=CC2=C(O1)C=CC(=C2)N1CCN(CCCCC2=CNC3=C2C=C(C=C3)C#N)CC1,DB06262,Droxidopa
COC1=CC=C(CN(CCN(C)C)C2=NC=CC=C2)C=C1,DB06263,Amrubicin
CCCCCCOC(=O)N=C(N)C1=CC=C(NCC2=NC3=C(C=CC(=C3)C(=O)N(CCC(=O)OCC)C3=CC=CC=N3)N2C)C=C1,DB06287,Temsirolimus
CC(C)N(CC[C@H](C1=CC=CC=C1)C1=C(OC(=O)C(C)C)C=CC(CO)=C1)C(C)C,DB06290,Simeprevir
NC(N)=NCC1=CC(I)=CC=C1,DB06292,Dapagliflozin
[H][C@@]12CC[C@](C)(O)[C@@]1(C)CC[C@@]1([H])[C@@]2([H])CCC2=CC(=O)CC[C@]12C,DB06335,Saxagliptin
[H]\C(=N/OC(C)(C)C)C1=C2CN3C(=CC4=C(COC(=O)[C@]4(O)CC)C3=O)C2=NC2=CC=CC=C12,DB06403,Ambrisentan
[H][C@@](O)([C@@H](NC(=O)OC(C)(C)C)C1=CC=CC=C1)C(=O)O[C@@]1([H])C[C@@]2(O)[C@@]([H])(OC(=O)C3=CC=CC=C3)[C@]3([H])[C@@]4(CO[C@]4([H])C[C@]([H])(OC)[C@@]3(C)C(=O)[C@]([H])(OC)C(=C1C)C2(C)C)OC(C)=O,DB06414,Etravirine
NC1=NC2=NC=C(CC(CC#C)C3=CC=C(C=C3)C(=O)N[C@@H](CCC(O)=O)C(O)=O)N=C2C(N)=N1,DB06554,Gaboxadol
NCCNCCNCCN,DB06589,Pazopanib
[H][C@]12SC(C)(C)[C@@H](N1C(=O)[C@H]2NC(=O)[C@H](N=[N+]=[N-])C1=CC=CC=C1)C(O)=O,DB06603,Panobinostat
CCCSC1=NC2=C(N=NN2[C@@H]2C[C@H](OCCO)[C@@H](O)[C@H]2O)C(N[C@@H]2C[C@H]2C2=CC(F)=C(F)C=C2)=N1,DB06605,Apixaban
CC(C)(C)C1=CC(=C(O)C=C1NC(=O)C1=CNC2=CC=CC=C2C1=O)C(C)(C)C,DB06616,Bosutinib
[H][C@]12CC[C@]([H])([C@H]([C@H](C1)C1=CC=C([123I])C=C1)C(=O)OC)N2CCCF,DB06626,Axitinib
FC(F)(F)CNC(=O)C1(CCCCN2CCC(CC2)NC(=O)C2=C(C=CC=C2)C2=CC=C(C=C2)C(F)(F)F)C2=CC=CC=C2C2=CC=CC=C12,DB06636,Isavuconazonium
CS(=O)(=O)C1=CC(Cl)=C(C=C1)C(=O)NC1=CC=C(Cl)C(=C1)C1=CC=CC=N1,DB06654,Safinamide
[H][C@](O)(CO)[C@@]1([H])OC(=O)C(=O)C1=O,DB06684,Vilazodone
[H]C([H])(C=O)[C@@]([H])(O)[C@]([H])(O)[C@]([H])(O)CO,DB06691,Mepyramine
[H][C@@]12CC[C@H]([C@H](C)CCC(=O)NCCS(O)(=O)=O)[C@@]1(C)CC[C@@]1([H])[C@@]2([H])[C@@H](O)C[C@]2([H])C[C@H](O)CC[C@]12C,DB06695,Dabigatran etexilate
CC(=O)N[C@@H](CC(=O)N[C@@H](CCC(O)=O)C(O)=O)C(O)=O,DB06702,Fesoterodine
CCOC(=O)[C@H](CCC1=CC=CC=C1)N[C@H]1CS[C@@H](CN(CC(O)=O)C1=O)C1=CC=CS1,DB06704,Iobenguane
CC[N+](CC)(CC)CC,DB06710,Methyltestosterone
NCCCCNC(N)=N,DB06721,Gimatecan
NCCC1=CNC2=CC=C(O)C=C12,DB06772,Cabazitaxel
NCCC1=CC=C(O)C=C1,DB06778,Cupric sulfate
CC(=O)O[C@H](CC([O-])=O)C[N+](C)(C)C,DB06784,Gallium citrate Ga 67
NC1=NC(N)=C2N=CN(CCOCP(O)(O)=O)C2=N1,DB06796,Mangafodipir
O=C1NC2=C(N1)C(=O)NC(=O)N2,DB06813,Pralatrexate
OC1=C(O)C2=C3C(=C1)C(=O)OC1=C3C(=CC(O)=C1O)C(=O)O2,DB06824,Triethylenetetramine
O[C@H]1CN[C@@H](C1)C(O)=O,DB08795,Azidocillin
CCCCC\C=C/C\C=C/C=C/C=C/[C@@H](SC[C@H](NC(=O)CC[C@H](N)C(O)=O)C(=O)NCC(O)=O)[C@@H](O)CCCC(O)=O,DB08816,Ticagrelor
CC(C)C[C@@H](NC(=O)[C@H](CC1=CC=CC=C1)NC(=O)CNC(=O)[C@@H](C)NC(=O)[C@@H](N)CC1=CC=C(O)C=C1)C(O)=O,DB08820,Ivacaftor
O[C@H](C[C@H](O)\C=C\C1=C(N=C2C=CC=CC2=C1C1=CC=C(F)C=C1)C1CC1)CC(O)=O,DB08824,Ioflupane I-123
CC1(C)SSC(C)(C)[C@@H](NC(=O)[C@@H](N)CC2=CC=C(O)C=C2)C(=O)NCC(=O)N[C@@H](CC2=CC=CC=C2)C(=O)N[C@H]1C(O)=O,DB08827,Lomitapide
CSCC[C@@H](C(=O)NCC(=O)N[C@@H](CC1=CNC2=CC=CC=C21)C(=O)NC(CCSC)C(=O)N[C@@H](CC(=O)O)C(=O)N[C@@H](CC3=CC=CC=C3)C(=O)N)NC(=O)[C@H](CC4=CC=C(C=C4)OS(=O)(=O)O)NC(=O)[C@H](CC(=O)O)N,DB08828,Vismodegib
CC1=CC(\C=C\C#N)=CC(C)=C1NC1=CC=NC(NC2=CC=C(C=C2)C#N)=N1,DB08830,Dehydroascorbic Acid
C[C@@H](OC1=CC(=CN=C1N)C1=CN(N=C1)C1CCNCC1)C1=C(Cl)C=CC(F)=C1Cl,DB08831,2-deoxyglucose
CN(C)C1=CC=C(C=C1)[C@H]1C[C@@]2(C)[C@@H](CC[C@]2(O)C(C)=O)[C@@H]2CCC3=CC(=O)CCC3=C12,DB08834,Tauroursodeoxycholic acid
CC(C)C(=O)OC(C)OC(=O)NCC1(CC(O)=O)CCCCC1,DB08835,Spaglumic Acid
[H][C@]12CN([C@H](C(=O)NC(CC3CCC3)C(=O)C(N)=O)[C@@]1([H])C2(C)C)C(=O)[C@@H](NC(=O)NC(C)(C)C)C(C)(C)C,DB08836,Temocapril
CC[C@H]1\C=C(C)\[C@@H](O)C\C=C\C=C(CO[C@@H]2O[C@H](C)[C@@H](OC(=O)C3=C(CC)C(Cl)=C(O)C(Cl)=C3O)[C@H](O)[C@@H]2OC)\C(=O)OC(C\C=C(/C)\C=C(C)\[C@@H]1O[C@@H]1OC(C)(C)[C@@H](OC(=O)C(C)C)[C@H](O)[C@@H]1O)[C@@H](C)O,DB08837,Tetraethylammonium
NC1=NC2=C(N=C(CNC3=CC=C(C=C3)C(=O)N[C@@H](CCC(O)=O)C(O)=O)C=N2)C(N)=N1,DB08838,Agmatine
C\C(O)=C(/C#N)C(=O)NC1=CC=C(C=C1)C(F)(F)F,DB08839,Serotonin
CCCS(=O)(=O)NC1=C(F)C(C(=O)C2=CNC3=NC=C(C=C23)C2=CC=C(Cl)C=C2)=C(F)C=C1,DB08841,Tyramine
CC#CCN1C(=NC2=C1C(=O)N(CC1=NC3=C(C=CC=C3)C(C)=N1)C(=O)N2C)N1CCC[C@@H](N)C1,DB08842,Acetylcarnitine
CC(C)C[C@H](NC(=O)[C@H](CCC1=CC=CC=C1)NC(=O)CN1CCOCC1)C(=O)N[C@@H](CC1=CC=CC=C1)C(=O)N[C@@H](CC(C)C)C(=O)[C@@]1(C)CO1,DB08843,GS 0573
CC(C)[C@H](OC(=O)NC[C@H](CC(O)=O)C1=CC=C(Cl)C=C1)OC(=O)C(C)C,DB08844,Uric Acid
NC1=NC(CC(=O)NC2=CC=C(CCNC[C@H](O)C3=CC=CC=C3)C=C2)=CS1,DB08846,Ellagic Acid
CNC(=O)C1=CC(OC2=CC(F)=C(NC(=O)NC3=CC=C(Cl)C(=C3)C(F)(F)F)C=C2)=CC=N1,DB08847,Hydroxyproline
CNC(=O)C1=C(F)C=C(C=C1)N1C(=S)N(C(=O)C1(C)C)C1=CC=C(C#N)C(=C1)C(F)(F)F,DB08855,Leukotriene C4
CN1CCN(CC2=CC=C(NC(=O)C3=CC(C#CC4=CN=C5C=CC=NN45)=C(C)C=C3)C=C2C(F)(F)F)CC1,DB08856,DADLE
[H][C@@]12C[C@@H](C)[C@](OC(=O)C3=CC=CO3)(C(=O)SCF)[C@@]1(C)C[C@H](O)[C@@]1(F)[C@@]2([H])C[C@H](F)C2=CC(=O)C=C[C@]12C,DB08860,Pitavastatin
[H][C@]1(O[C@H](CO)[C@@H](O)[C@H](O)[C@H]1O)C1=CC=C(C)C(CC2=CC=C(S2)C2=CC=C(F)C=C2)=C1,DB08861,DPDPE
NC1=CC=CC2=C1C(=O)N(C1CCC(=O)NC1=O)C2=O,DB08862,cholecystokinin octapeptide
CC(C)(C)C1=NC(=C(S1)C1=NC(N)=NC=C1)C1=C(F)C(NS(=O)(=O)C2=C(F)C=CC=C2F)=CC=C1,DB08864,Rilpivirine
CN(C)C\C=C\C(=O)NC1=C(O[C@H]2CCOC2)C=C2N=CN=C(NC3=CC(Cl)=C(F)C=C3)C2=C1,DB08865,Crizotinib
CCN(CC)C(=O)[C@]1(C[C@H]1CN)C1=CC=CC=C1,DB08867,Ulipristal
[H][C@]12CN3C=C(C(=O)NCC4=CC=C(F)C=C4F)C(=O)C(O)=C3C(=O)N1[C@H](C)CCO2,DB08870,Brentuximab vedotin
COC(=O)N(C)C1=C(N)N=C(N=C1N)C1=NN(CC2=C(F)C=CC=C2)C2=C1C=CC=N2,DB08872,Gabapentin Enacarbil
CC(C)OC(=O)[C@H](C)N[P@](=O)(OC[C@H]1O[C@@H](N2C=CC(=O)NC2=O)[C@](C)(F)[C@@H]1O)OC1=CC=CC=C1,DB08873,Boceprevir
O=C(O[C@H]1[C@H](OC(=O)C2=CC=CN=C2)[C@@H](OC(=O)C2=CC=CN=C2)[C@H](OC(=O)C2=CC=CN=C2)[C@H](OC(=O)C2=CC=CN=C2)[C@@H]1OC(=O)C1=CC=CN=C1)C1=CC=CN=C1,DB08874,Fidaxomicin
[H][C@](N=C(O)OC)(C(C)C)C(=O)N1CC2(CC2)C[C@@]1([H])C1=NC=C(N1)C1=CC2=C(C=C1)C1=C(C=C(C=C1)C1=CC3=C(C=C1)N=C(N3)[C@@]1([H])N(C(=O)[C@@]([H])(N=C(O)OC)C(C)C)[C@]3([H])CC[C@@]1([H])C3)C2(F)F,DB08878,Aminopterin
[H][C@@](CC)(NC1=NC=NC2=C1N=CN2)C1=NC2=CC=CC(F)=C2C(=O)N1C1=CC=CC=C1,DB08880,Teriflunomide
[H]OS(=O)(=O)ON1C(=O)N2C([H])([H])[C@@]1([H])C([H])([H])C([H])([H])[C@@]2([H])C(=O)N([H])[H],DB08881,Vemurafenib
CCCCCC1=CC(O)=C([C@@H]2C=C(C)CC[C@H]2C(C)=C)C(O)=C1,DB08882,Linagliptin
CC(C)OC1=C(NC2=NC=C(Cl)C(N2)=NC2=CC=CC=C2S(=O)(=O)C(C)C)C=C(C)C(=C1)C1CCNCC1,DB08884,Gadoxetic acid
CC(C)C1=NC(CN(C)C(=O)N[C@@H](CCN2CCOCC2)C(=O)N[C@H](CC[C@H](CC2=CC=CC=C2)NC(=O)OCC2=CN=CS2)CC2=CC=CC=C2)=CS1,DB08889,Carfilzomib
CN(C)C(=O)[C@H]1CC[C@H](NC(=O)C(=O)NC2=NC=C(Cl)C=C2)[C@@H](C1)NC(=O)C1=NC2=C(CN(C)CC2)S1,DB08892,Arbaclofen Placarbil
OC(C1=CC=CC=C1)(C1=CC=CC=C1)C12CC[N+](CCOCC3=CC=CC=C3)(CC1)CC2,DB08893,Mirabegron
COC1=C(C=C2C(OC3=CC(Cl)=C(NC(O)=NC4CC4)C=C3)=CC=NC2=C1)C(O)=N,DB08896,Regorafenib
COC(=O)C1=CC2=C(C=C1)\C(=C(\NC1=CC=C(C=C1)N(C)C(=O)CN1CCN(C)CC1)C1=CC=CC=C1)C(O)=N2,DB08899,Enzalutamide
COC(=O)N[C@@H](C(C)C)C(=O)N1CCC[C@H]1C1=NC=C(N1)C1=CC=C(C=C1)C1=CC=C(C=C1)C1=CN=C(N1)[C@@H]1CCCN1C(=O)[C@@H](NC(=O)OC)C(C)C,DB08901,Ponatinib
COC1=C(C=C(C=C1C1=CC2=CC=C(NS(C)(=O)=O)C=C2C=C1)N1C=CC(=O)NC1=O)C(C)(C)C,DB08906,Fluticasone furoate
CCN1C(=O)N(CCCN2CCN(CC2)C2=CC=CC(Cl)=C2)N=C1CC,DB08907,Canagliflozin
COC1=CC=C(OC2=NC=NC(=C2)N(C)CCOC2=CC=C(CC3SC(=O)NC3=O)C=C2)C=C1,DB08910,Pomalidomide
COC(=O)C1=C(C)NC(C)=C([C@@H]1C1=CC=CC(=C1)[N+]([O-])=O)C(=O)O[C@@H]1CCCN(CC2=CC=CC=C2)C1,DB08912,Dabrafenib
COC1=C(OC)C(=O)C(C\C=C(/C)CC\C=C(/C)CC\C=C(/C)CC\C=C(/C)CC\C=C(/C)CC\C=C(/C)CC\C=C(/C)CC\C=C(/C)CC\C=C(/C)CCC=C(C)C)=C(C)C1=O,DB08916,Afatinib
COC1=CC=C(CN([C@@H](C)C2=NC(=CN2)C2=CC=CC=C2)C(=O)[C@@H](N)CC2=C(C)C=C(C=C2C)C(N)=O)C=C1C(O)=O,DB08918,Levomilnacipran
CC1=CC=C(NC(=O)C2(CC2)C2=CC=C3OC(F)(F)OC3=C2)N=C1C1=CC(=CC=C1)C(O)=O,DB08930,Dolutegravir
C[C@@H](OC[C@]1(CC[C@]2(CCC(=O)N2)CN1)C1=CC=CC=C1)C1=CC(=CC(=C1)C(F)(F)F)C(F)(F)F,DB08931,Riociguat
[H][C@@](CC1=CC=C(C=C1)C1=CC=CC=C1)(C[C@@]([H])(C)C(=O)OCC)NC(=O)CCC(O)=O,DB08934,Sofosbuvir
COC(=O)N[C@@H](C(C)C)C(=O)N1CCC[C@H]1C(=O)NC1=CC=C(C=C1)[C@@H]1CC[C@H](N1C1=CC=C(C=C1)C(C)(C)C)C1=CC=C(NC(=O)[C@@H]2CCCN2C(=O)[C@@H](NC(=O)OC)C(C)C)C=C1,DB08949,Inositol nicotinate
[13NH3],DB09027,Ledipasvir
O=C1NC=CC(=O)N1.FC1=CN(C2CCCO2)C(=O)NC1=O,DB09054,Idelalisib
COC1=C(NC2=NC=CC(=N2)C2=CN(C)C3=C2C=CC=C3)C=C(NC(=O)C=C)C(=C1)N(C)CCN(C)C,DB09060,Avibactam
C([C@@H]1[C@H]([C@@H]([C@H](C(O1)O)O)O)O)O,DB09061,Cannabidiol
C(C(C(C(C(C=O)O)O)O)O)O.C(C(C(C(C(=O)CO)O)O)O)O,DB09063,Ceritinib
C[C@H]1[C@H]2CN3CCC4=C([C@@H]3C[C@@H]2C(=CO1)C(=O)OC)NC5=CC=CC=C45,DB09065,Cobicistat
OCC(O)CO,DB09075,Edoxaban
[H]C(=O)[C@H]([18F])[C@@H](O)[C@H](O)[C@H](O)CO,DB09076,Umeclidinium
OS(O)(=O)=O.NC(=N)NCC1=CC([123I])=CC=C1.NC(=N)NCC1=CC([123I])=CC=C1,DB09078,Lenvatinib
CN1[C@@H](CNC2=CC=C(C=C2)C(=O)N[C@@H](CCC(O)=O)C(O)=O)CNC2=C1C(=O)N=C(N)N2,DB09079,Nintedanib
CC(C)N(CCCCOCC(=O)NS(C)(=O)=O)C1=NC(C2=CC=CC=C2)=C(N=C1)C1=CC=CC=C1,DB09102,Daclatasvir
CCC1=CC2=C(C=C1N1CCC(CC1)N1CCOCC1)C(C)(C)C1=C(C3=C(N1)C=C(C=C3)C#N)C2=O,DB09130,Copper
COC(=O)N[C@@H](C(C)C)C(=O)N1CCC[C@H]1C1=NC(=CN1)C1=CC2=C(C=C1)N1[C@@H](OC3=C(C=CC(=C3)C3=CNC(=N3)[C@@H]3CCCN3C(=O)[C@@H](NC(=O)OC)C(C)C)C1=C2)C1=CC=CC=C1,DB09137,Technetium Tc-99m mebrofenin
[H][C@@]12C[C@@]1([H])OC(O)=N[C@]([H])(C(=O)N1C[C@@]([H])(C[C@@]1([H])C(O)=N[C@@]1(C[C@@]1([H])C=C)C(O)=NS(=O)(=O)C1CC1)OC1=C(CCCCC2)N=C2C=CC(OC)=CC2=N1)C(C)(C)C,DB09154,Sodium Citrate
CC1(C)CCC(CN2CCN(CC2)C2=CC=C(C(=O)NS(=O)(=O)C3=CC=C(NCC4CCOCC4)C(=C3)[N+]([O-])=O)C(OC3=CN=C4NC=CC4=C3)=C2)=C(C1)C1=CC=C(Cl)C=C1,DB09161,Technetium Tc-99m sestamibi
CCOCCN1C(=NC2=CC=CC=C12)C1CCN(CCC2=CC=C(C=C2)C(C)(C)C(O)=O)CC1,DB09183,Dasabuvir
CS(=O)(=O)C1=CC(C[C@H](NC(=O)C2=C(Cl)C3=C(CN(CC3)C(=O)C3=CC=C4C=COC4=C3)C=C2Cl)C(O)=O)=CC=C1,DB09194,Etoperidone
[H][C@](N=C(O)OC)(C(C)C)C(=O)N1[C@@]([H])(C)CC[C@@]1([H])C1=NC2=C(N1)C1=CC3=C(C=C1C=C2)C1=C(CO3)C=C(C=C1)C1=CN=C(N1)[C@]1([H])C[C@]([H])(COC)CN1C(=O)[C@]([H])(N=C(O)OC)C1=CC=CC=C1,DB09198,Lobeglitazone
[H][C@](C)(C1=NC(=CS1)C1=CC=C(C=C1)C#N)[C@](O)(CN1C=NC=N1)C1=C(F)C=CC(F)=C1,DB09231,Benidipine
CC[C@@]12C=CCN3CC[C@@]4([C@H]13)[C@@H](N(C)C1=CC(OC)=C(C=C41)[C@]1(C[C@@H]3C[C@H](C[N@@](C3)CC3=C1NC1=CC=CC=C31)C(C)(F)F)C(=O)OC)[C@](O)([C@@H]2OC(C)=O)C(=O)OC,DB09270,Ubidecarenone
ClC1=CC=C(CCCOCCCN2CCCCC2)C=C1,DB09272,Eluxadoline
O[C@H](CC[C@H]1[C@H](O)C[C@H](O)[C@@H]1C\C=C/CCCC(=O)OCCCCO[N+]([O-])=O)CCC1=CC=CC=C1,DB09280,Lumacaftor
[H][C@@]12OC3=C4C(C[C@@]5([H])N(CC6CC6)CC[C@@]14[C@@]5(O)CC(C(=O)NC(C)(C)C1=NC(=NO1)C1=CC=CC=C1)=C2O)=CC=C3O,DB09291,Rolapitant
CCS(=O)(=O)N1CC(CC#N)(C1)N1C=C(C=N1)C1=C2C=CNC2=NC=N1,DB09292,Sacubitril
CCOC1=CC=C(CC2=CC(=CC=C2Cl)[C@]23OC[C@](CO)(O2)[C@@H](O)[C@H](O)[C@H]3O)C=C1,DB09296,Ombitasvir
CCOC1=C(NC(=O)\C=C\CN(C)C)C=C2C(NC3=CC=C(OCC4=CC=CC=N4)C(Cl)=C3)=C(C=NC2=C1)C#N,DB09326,Ammonia N-13
CNC(=O)C1=CC=C(C=C1F)N1C(=S)N(C(=O)C11CCC1)C1=CC(=C(N=C1)C#N)C(F)(F)F,DB09327,Tegafur-uracil
NC1=NC(N2C=C(C(O)=O)C(=O)C3=CC(F)=C(N4CC(O)C4)C(Cl)=C23)=C(F)C=C1F,DB09330,Osimertinib
CCN1CCN(CC2=CC=C(NC3=NC=C(F)C(=N3)C3=CC(F)=C4N=C(C)N(C(C)C)C4=C3)N=C2)CC1,DB09341,Glucose
CC[C@@H]1[C@@H]2CN([C@@H]1C(=O)N[C@@]1(C[C@H]1C(F)F)C(=O)NS(=O)(=O)C1(C)CC1)C(=O)[C@@H](NC(=O)O[C@@H]1C[C@H]1CCCCC(F)(F)C1=C(O2)N=C2C=C(OC)C=CC2=N1)C(C)(C)C,DB09344,Invert sugar
COC1=CC=CC(=C1)N1CCN(CC1)C1=NC2=C(C=CC=C2F)[C@H](CC(O)=O)N1C1=CC(=CC=C1OC)C(F)(F)F,DB09363,Rauwolfia serpentina root
COC1=CC(=CC=C1NC1=NC=C(Cl)C(NC2=CC=CC=C2P(C)(C)=O)=N1)N1CCC(CC1)N1CCN(C)CC1,DB09374,Indocyanine green
CNCC1=CC=C(C=C1)C1=C2CCNC(=O)C3=C2C(N1)=CC(F)=C3,DB09449,Sodium phosphate
COC1=CC=C(NC(=O)C2=CC=C(C=C2)C(=N)N(C)C)C(=C1)C(=O)NC1=CC=C(Cl)C=N1,DB09462,Glycerin
COC1=C(OCCCN2CCOCC2)C=CC2=C1N=C(NC(=O)C1=CN=C(N)N=C1)N1CCN=C21,DB09481,Magnesium carbonate
NC(=N)NC1=CC=C(C=C1)C(=O)OC1=CC=C2C=C(C=CC2=C1)C(N)=N,DB09498,Strontium chloride Sr-89
CN(C)[C@H]1[C@@H]2[C@@H](O)[C@@H]3C(=C)C4=C(Cl)C=CC(O)=C4C(=O)C3=C(O)[C@]2(O)C(=O)C(C(N)=O)=C1O,DB09502,Fludeoxyglucose F-18
CC(C)(C)NC[C@H](O)C1=CC(CO)=C(O)C=C1,DB09546,Iobenguane sulfate I-123
N[C@]1(C[C@H]([18F])C1)C(O)=O,DB11090,Potassium nitrate
[H][C@@]1(CCC(C)=CC1)[C@@](C)(O)CCC=C(C)C,DB11093,Calcium Citrate
OC1=CC=C(Cl)C=C1,DB11098,Potassium bicarbonate
CO[C@H]1C[C@H](O[C@H]2[C@H](C)[C@@H](O[C@@H]3O[C@H](C)C[C@@H]([C@H]3OC(C)=O)N(C)C)[C@@H](C)C[C@@]3(CO3)C(=O)[C@H](C)[C@@H](OC(C)=O)[C@@H](C)[C@@H](C)OC(=O)[C@@H]2C)O[C@@H](C)[C@@H]1OC(C)=O,DB11127,Selenious acid
COC1=CC2=C(C=C1)N(C(=O)C1=CC=C(Cl)C=C1)C(C)=C2CC(=O)OCC(O)=O,DB11256,Levomefolic acid
CC(C)(O)CNC1=NC(=NC(NC2=CC(=NC=C2)C(F)(F)F)=N1)C1=NC(=CC=C1)C(F)(F)F,DB11348,Calcium Phosphate
[H][C@](C)(OC)[C@]([H])(N=C(O)OC)C(=O)N1CCC[C@@]1([H])C1=NC2=C(N1)C=C(F)C(=C2)[C@@]1([H])CC[C@@]([H])(N1C1=CC(F)=C(N2CCC(CC2)C2=CC=C(F)C=C2)C(F)=C1)C1=CC2=C(NC(=N2)[C@]2([H])CCCN2C(=O)[C@@]([H])(N=C(O)OC)[C@@]([H])(C)OC)C=C1F,DB11362,Selexipag
CC(C)(C)[C@@H]1NC(=O)O[C@@H]2CCC[C@H]2OC\C=C\C(F)(F)C2=NC3=C(C=CC=C3)N=C2O[C@@H]2C[C@H](N(C2)C1=O)C(=O)N[C@@]1(C[C@H]1C(F)F)C(=O)NS(=O)(=O)C1(C)CC1,DB11363,Alectinib
CCOC1=NC2=CC=CC(C(O)=O)=C2N1CC1=CC=C(C=C1)C1=CC=CC=C1C1=NN=NN1,DB11574,Elbasvir
CC[C@H](C)[C@H](NC(=O)[C@H](CC1=CC=CC=C1)NC(=O)[C@H](CCC(O)=O)NC(=O)[C@H](CCCCNC(=O)COCCOCCNC(=O)COCCOCCNC(=O)CC[C@@H](NC(=O)CCCCCCCCCCCCCCCCC(O)=O)C(O)=O)NC(=O)[C@H](C)NC(=O)[C@H](C)NC(=O)[C@H](CCC(N)=O)NC(=O)CNC(=O)[C@H](CCC(O)=O)NC(=O)[C@H](CC(C)C)NC(=O)[C@H](CC1=CC=C(O)C=C1)NC(=O)[C@H](CO)NC(=O)[C@H](CO)NC(=O)[C@@H](NC(=O)[C@H](CC(O)=O)NC(=O)[C@H](CO)NC(=O)[C@@H](NC(=O)[C@H](CC1=CC=CC=C1)NC(=O)[C@@H](NC(=O)CNC(=O)[C@H](CCC(O)=O)NC(=O)C(C)(C)NC(=O)[C@@H](N)CC1=CNC=N1)[C@@H](C)O)[C@@H](C)O)C(C)C)C(=O)N[C@@H](C)C(=O)N[C@@H](CC1=CNC2=C1C=CC=C2)C(=O)N[C@@H](CC(C)C)C(=O)N[C@@H](C(C)C)C(=O)N[C@@H](CCCNC(N)=N)C(=O)NCC(=O)N[C@@H](CCCNC(N)=N)C(=O)NCC(O)=O,DB11575,Grazoprevir
C[C@]12CC[C@H]3[C@@H](CCC4=CC(=O)CC[C@]34C)[C@@H]1CC[C@@H]2OC(=O)CCC1CCCC1,DB11581,Venetoclax
[H][C@@]12CC[C@H](OC(=O)CCCCCC)[C@@]1(C)CC[C@@]1([H])[C@@]2([H])CCC2=CC(=O)CC[C@]12C,DB11590,Thimerosal
CCCCCCCCCCC(=O)O[C@H]1CC[C@H]2[C@@H]3CCC4=CC(=O)CC[C@]4(C)[C@H]3CC[C@]12C,DB11591,Bilastine
CC(=O)O[C@H]1CC[C@H]2[C@@H]3CC[C@H]4CC(=O)CC[C@]4(C)[C@H]3CC[C@]12C,DB11611,Lifitegrast
[H][C@]1(O)CC[C@@]2([H])[C@]3([H])CCC4=CC(OC(C)=O)=CC=C4[C@@]3([H])CC[C@]12C,DB11613,Velpatasvir
[H][C@]1(O)CC[C@@]2([H])[C@]3([H])CCC4=CC(OC(=O)C5=CC=CC=C5)=CC=C4[C@@]3([H])CC[C@]12C,DB11633,Isavuconazole
[H][C@@]1(CC[C@@]2([H])[C@]3([H])CCC4=CC(O)=CC=C4[C@@]3([H])CC[C@]12C)OC(=O)CCC1CCCC1,DB11641,Vinflunine
CCCCCCC(=O)O[C@H]1CC[C@H]2[C@@H]3CCC4=CC(OC(=O)CCCCCC)=CC=C4[C@H]3CC[C@]12C,DB11642,Pitolisant
[H][C@@]12CC[C@H](OC(=O)CCCC)[C@@]1(C)CC[C@]1([H])C3=C(CC[C@@]21[H])C=C(O)C=C3,DB11660,Latanoprostene Bunod